Ticker,last_earnings_surprise_pct,next_earnings_date,days_to_earnings,analyst_rating_mean,num_analysts,price_target_mean,price_target_upside_pct,news_sent_score_30d
A,9.01,2026-11-25,68,1.73913,21.0,174.95238,12.19570975085773,
AAPL,6.74,2026-10-29,41,2.20455,39.0,327.83743,-2.17995341695525,
ABBV,1.15,2026-10-29,40,1.7,28.0,278.60715,5.447135855269389,
ABNB,9.48,2026-11-05,48,2.02222,40.0,184.1,11.03069778662324,
ABT,2.61,2026-10-14,25,1.51852,25.0,120.2636,16.919696675092354,
ACGL,3.99,2026-10-26,38,2.25,19.0,111.65789,14.438751665470948,
ACN,2.46,2026-10-01,12,2.14815,25.0,185.3884,1.5882514110362105,
ADBE,0.71,2026-12-09,82,2.76923,33.0,276.39728,10.709476888568464,
ADI,3.32,2026-11-24,66,1.38235,32.0,470.71875,27.173164208137468,
ADM,28.02,2026-11-03,45,3.0,10.0,80.1,-6.057585175628929,
ADP,1.58,2026-10-28,39,2.72222,15.0,287.6,5.84035623596953,
ADSK,5.64,2026-11-27,70,1.51351,35.0,312.86887,44.179202764976964,
AEE,4.18,2026-11-04,47,1.8125,15.0,120.4,17.040925439875572,
AEP,-8.2,2026-10-29,40,2.0,20.0,143.575,19.426884045915813,
AES,-6.05,2026-11-04,47,3.0,8.0,15.0,0.9761023224503504,
AFL,-0.45,2026-11-04,47,,15.0,118.53333,2.036567886887471,
AIG,3.74,2026-11-04,47,2.31818,20.0,88.45,16.68865435356201,
AIZ,23.73,2026-11-03,46,1.42857,6.0,330.0,17.37715413754469,
AJG,0.94,2026-10-29,41,1.72727,18.0,291.27777,21.22178662837879,
AKAM,0.83,2026-11-05,48,2.08,23.0,153.31348,47.06329016786571,
ALB,15.71,2026-11-04,47,1.95455,20.0,172.564,55.28120219562675,
ALGN,1.72,2026-10-28,40,1.94118,15.0,208.6,40.5281595257343,
ALL,48.03,2026-11-04,47,2.6,22.0,274.63635,9.861131667900064,
ALLE,8.29,2026-10-22,33,,11.0,174.63635,14.843224936704697,
AMAT,3.11,2026-11-12,55,1.4359,35.0,640.8857,47.20821848585079,
AMCR,4.24,2026-11-05,47,2.07143,12.0,50.17917,19.147975780600728,
AMD,3.21,2026-11-03,46,1.49091,50.0,616.508,12.917709974304914,
AME,4.81,2026-10-29,40,1.7,18.0,278.33334,17.830510340156223,
AMGN,11.97,2026-11-03,46,2.63636,29.0,387.68967,1.2746976306783981,
AMP,2.37,2026-10-29,40,2.5,11.0,579.4545,6.228367676175118,
AMT,20.65,2026-10-27,38,,23.0,215.69565,23.103415803441486,
AMZN,215.02,2026-10-29,41,1.31667,59.0,328.2244,29.794527048402408,
ANET,15.18,2026-11-03,46,1.25806,28.0,241.03607,21.364552755469404,
AON,0.27,2026-10-30,41,2.25,18.0,381.0,29.198528289730252,
AOS,11.48,2026-10-27,38,2.53846,11.0,69.90909,22.593757124068407,
APA,1.01,2026-11-04,47,2.55556,25.0,45.88,1.7069385945466709,
APD,3.8,2026-11-05,47,1.86364,19.0,345.10526,21.94101268506413,
APH,13.19,2026-10-28,39,1.47059,17.0,99.26471,26.62930220691414,
APO,-2.21,2026-11-03,45,1.7619,19.0,153.47368,21.548869441254507,
APP,0.43,2026-11-04,47,1.57576,31.0,501.9355,61.39405144694533,
APTV,14.08,2026-10-29,40,1.65,18.0,66.61111,52.567819514429694,
ARE,26.17,2026-10-26,38,2.9375,14.0,53.0,-2.983708585026547,
ARES,1.44,2026-11-02,44,2.0,18.0,147.77779,17.798158628935838,
ATO,5.6,2026-11-04,47,2.71429,11.0,186.54546,16.234942987101988,
AVGO,2.53,2026-12-09,82,1.26,47.0,531.8468,50.20585824729312,
AVY,17.0,2026-10-21,32,1.54545,10.0,201.8,19.207254039046585,
AWK,3.97,2026-10-28,40,2.61538,11.0,141.45454,3.6600762128096145,
AXON,1.96,2026-11-03,46,1.66667,19.0,706.2105,57.01941035218784,
AXP,2.88,2026-10-23,34,2.3,25.0,375.9556,20.662954344860793,
AZO,5.26,2026-09-22,3,1.48148,23.0,3902.6956,36.568910040504946,
BA,-141.48,2026-10-28,39,1.53571,26.0,274.84616,39.29661953271501,
BAC,7.74,2026-10-14,25,1.54167,21.0,68.85714,19.243466966836962,
BALL,4.27,2026-11-03,45,1.66667,14.0,72.57143,19.833933289299875,
BAX,52.53,2026-10-29,40,2.76923,11.0,28.72727,25.33712914485165,
BBY,6.53,2026-11-24,66,2.8,20.0,86.7,-7.327240660573997,
BDX,2.93,2026-11-05,47,2.07143,12.0,195.66667,8.2826065301605,
BEN,8.28,2026-11-06,48,2.75,12.0,35.41667,7.714933090024332,
BF-B,3.1,2026-12-03,75,3.16667,17.0,28.25882,7.858091603053438,
BG,2.89,2026-11-04,46,1.55556,9.0,141.77779,22.180101689072735,
BIIB,77.38,2026-10-28,39,1.88571,31.0,238.18195,9.609733087896911,
BKNG,4.49,2026-10-27,39,1.51282,37.0,238.78378,41.76192115886963,
BKR,31.47,2026-10-22,34,1.70833,23.0,72.30435,26.616495928552673,
BLDR,-7.41,2026-10-29,40,2.26087,21.0,80.61905,40.3412829663156,
BLK,9.62,2026-10-14,25,1.47059,16.0,1323.3125,25.114637697602294,
BMY,27.74,2026-10-29,40,2.46429,24.0,66.70833,6.4862798307925615,
BNY,10.7,2026-10-15,26,2.125,14.0,167.7857,9.828958565163305,
BR,1.68,2026-11-03,45,,8.0,213.375,30.158294445969435,
BRK-B,17.4,2026-11-07,50,,3.0,547.6667,7.549059845844168,
BRO,-0.39,2026-10-26,38,2.78947,16.0,76.5,16.633633175788987,
BSX,3.86,2026-10-28,39,1.58065,29.0,62.0,42.41414953485702,
BX,13.71,2026-10-22,33,2.08696,21.0,144.38095,15.643532238686438,
BXP,14.75,2026-10-27,39,2.13636,20.0,76.55,20.06901419496509,
C,15.62,2026-10-13,24,1.71429,20.0,154.9,17.397400431998193,
CAH,7.41,2026-11-05,47,1.5,16.0,270.9375,20.099071344666328,
CARR,5.2,2026-10-27,38,1.91667,21.0,77.62476,44.23032329988851,
CASY,8.09,2026-12-08,81,1.6,19.0,807.6316,34.30755159396671,
CAT,31.83,2026-10-29,40,2.14286,26.0,975.60614,21.81524803655933,
CB,7.63,2026-10-27,39,2.48,23.0,365.91302,7.25240202831433,
CBOE,2.01,2026-10-30,41,3.05882,14.0,315.64285,18.859334990209373,
CBRE,5.77,2026-10-22,33,1.53846,12.0,182.91667,31.80333621559303,
CCI,36.09,2026-10-21,33,2.09091,20.0,94.82,28.360633545417606,
CCL,21.08,2026-09-29,10,1.63333,26.0,34.64231,58.07579283595712,
CDNS,2.66,2026-10-26,38,1.38462,28.0,402.11606,42.41002248862288,
CDW,3.97,2026-11-03,45,1.8,9.0,158.88889,9.001588145505679,
CEG,11.73,2026-11-09,51,,20.0,348.304,35.923512195121944,
CF,-15.07,2026-11-04,47,3.04762,19.0,125.24842,-2.919489981785057,
CFG,4.39,2026-10-16,27,1.61111,17.0,81.47059,21.916333707444817,
CHD,-0.95,2026-10-30,41,2.2381,19.0,105.36842,10.774201009251467,
CHRW,5.61,2026-10-28,40,1.76,25.0,199.4,30.09721406667971,
CHTR,5.94,2026-10-30,41,3.04545,19.0,179.10526,38.71225216852538,
CI,2.37,2026-11-05,47,1.72,25.0,339.36,23.130510503973003,
CIEN,22.14,2026-12-10,82,1.85,19.0,502.35864,46.47305595241565,
CINF,-21.26,2026-10-26,38,,6.0,191.66667,13.48609745988515,
CL,4.53,2026-10-30,41,2.04762,20.0,98.95,13.31882730187816,
CLX,0.86,2026-11-03,46,3.21053,17.0,100.76471,20.143925122212934,
CMCSA,7.62,2026-10-22,33,2.57143,22.0,29.76318,30.798417930125243,
CME,2.75,2026-10-21,32,2.625,15.0,283.6,3.4715507962858396,
CMG,3.96,2026-10-28,40,1.77778,32.0,43.85938,32.345745322872666,
CMI,-6.12,2026-11-05,47,,20.0,757.0175,43.81307468095418,
CMS,3.07,2026-10-29,40,2.26667,12.0,78.83333,20.614029987760105,
CNC,132.64,2026-10-27,38,2.38095,18.0,71.77778,9.209250665652359,
CNP,7.4,2026-10-22,33,,16.0,45.75,19.23377638780298,
COF,23.79,2026-10-20,32,1.54167,22.0,258.27274,27.857792079207922,
COHR,7.6,2026-11-04,47,1.6087,22.0,415.36197,34.84683710737765,
COIN,-487.47,2026-10-29,41,1.94118,29.0,202.00345,3.863154917990631,
COO,2.67,2026-12-10,83,2.5,14.0,66.21429,19.026226856012947,
COP,10.58,2026-11-05,47,1.74074,25.0,146.08,10.608010903308866,
COR,3.04,2026-11-04,46,1.73333,13.0,369.30768,19.586710705265205,
COST,0.14,2026-09-24,6,1.94872,35.0,1069.2,19.430993750314165,
CPAY,6.3,2026-11-04,47,,15.0,461.0,15.563465901257153,
CPRT,-8.52,2026-11-19,62,2.25,10.0,38.7,32.01432713627836,
CPT,-33.95,2026-11-05,48,2.58333,22.0,116.60227,16.143503162508104,
CRH,-4.19,2026-10-29,40,1.30435,24.0,134.84792,56.92763877574768,
CRL,10.31,2026-11-04,46,1.75,14.0,282.42856,2.164466711280729,
CRM,80.36,2026-12-02,75,1.75,54.0,278.9287,16.91692165821352,
CRWD,6.38,2026-12-01,74,1.69811,50.0,234.35,-1.8174353130446415,
CSCO,4.38,2026-11-12,55,1.82143,24.0,137.625,26.389016438607772,
CSGP,11.88,2026-10-27,39,2.09524,20.0,37.3,26.120033812341497,
CSX,4.19,2026-10-22,34,1.92,23.0,53.14088,12.538924184667522,
CTAS,2.35,2026-09-23,4,2.2,16.0,216.3125,9.364730269477734,
CTSH,-0.66,2026-10-28,39,2.2069,25.0,64.184,6.937687437520816,
CTVA,2.93,2026-11-03,46,1.7619,20.0,92.6,15.13116996145715,
CVNA,10.09,2026-10-28,40,,20.0,82.975,26.873088685015272,
CVS,39.36,2026-10-28,39,1.44444,25.0,116.28,31.776971894832286,
CVX,8.84,2026-10-30,41,1.72,24.0,222.66667,5.5967894150285735,
D,17.2,2026-10-30,41,2.6,11.0,71.81818,13.010511408339893,
DAL,4.54,2026-10-09,20,1.32,24.0,103.39583,30.065828039499337,
DASH,-2.43,2026-11-04,47,1.64444,43.0,254.98512,32.23654609101517,
DD,6.75,2026-11-05,47,1.52941,16.0,170.0,32.34721681588168,
DDOG,11.45,2026-11-05,47,1.47826,46.0,285.2787,23.588225100723477,
DE,8.3,2026-11-25,67,1.96,23.0,688.4426,1.0543111293779144,
DECK,7.6,2026-10-22,34,2.44444,22.0,120.40909,52.774332297151574,
DELL,43.14,2026-11-27,70,1.82759,25.0,570.48,-1.5412229681917726,
DG,23.53,2026-12-03,75,2.5,29.0,139.55173,12.924202945460426,
DGX,10.51,2026-10-20,31,2.11765,15.0,246.73334,-0.02093320096440151,
DHI,7.09,2026-10-29,40,2.61111,12.0,161.25,16.362980335558373,
DHR,5.28,2026-10-20,31,1.5,23.0,229.08696,8.705969441017364,
DIS,11.09,2026-11-12,54,1.4375,31.0,127.21548,23.69030627126884,
DLR,-15.0,2026-10-22,34,1.45455,31.0,223.48387,21.564333115752824,
DLTR,136.13,2026-12-02,74,2.53571,25.0,136.4,19.73314606741573,
DOC,198.62,2026-10-22,34,2.40909,19.0,23.0,12.359550561797759,
DOV,0.78,2026-10-22,33,1.61111,18.0,245.72221,30.877342210386143,
DOW,12.62,2026-10-22,33,2.47368,16.0,34.5,20.692670981283886,
DPZ,-2.38,2026-10-13,24,2.16129,28.0,381.10715,28.329707887869336,
DRI,0.64,2026-09-24,5,1.89655,26.0,232.96153,11.22005633533849,
DTE,16.26,2026-10-29,40,1.94118,14.0,156.85715,21.764594007141746,
DUK,9.61,2026-11-05,47,,18.0,137.27779,16.951601635713082,
DVA,3.55,2026-10-28,40,2.28571,7.0,219.85715,19.721819864953172,
DVN,11.26,2026-11-04,47,1.31034,28.0,60.42857,24.12153640751771,
DXCM,15.11,2026-10-29,41,1.32143,25.0,94.48,6.139414705386736,
EBAY,6.24,2026-11-04,47,2.5625,27.0,116.22222,3.4834119846852376,
ECHO,-94.85,2026-11-05,47,1.25,9.0,131.44444,41.7419960101364,
ECL,0.48,2026-10-27,38,1.54167,21.0,324.9524,20.0703530585475,
ED,7.37,2026-11-05,48,3.27778,16.0,110.28125,4.1666666666666625,
EFX,2.28,2026-10-20,31,1.66667,21.0,214.95238,33.951754221972955,
EG,2.18,2026-10-28,40,2.4375,15.0,408.46667,8.830125890894568,
EIX,26.99,2026-10-27,39,3.05882,14.0,67.14286,21.437619822752758,
EL,22.12,2026-11-02,44,2.31034,27.0,107.03704,13.464822176286651,
ELV,19.99,2026-10-21,32,1.81818,21.0,451.38095,10.730288980472965,
EME,25.29,2026-10-29,40,,7.0,1033.2858,39.20056580897214,
EMR,1.96,2026-11-04,47,1.93103,27.0,172.62926,16.04938321400961,
EOG,2.1,2026-11-05,48,2.34375,28.0,161.85715,12.054519021080687,
EQIX,6.33,2026-10-28,40,1.51515,30.0,1233.2333,19.997012805044182,
EQT,-3.31,2026-10-20,32,1.46154,26.0,67.57692,34.561768219832736,
ERIE,2.92,2026-10-29,41,,,,,
ES,-0.33,2026-11-04,47,2.75,12.0,73.58333,7.956605110614573,
ESS,-35.97,2026-10-27,39,2.57692,25.0,304.79,12.67444224690857,
ETN,2.39,2026-11-03,45,1.51852,25.0,479.5708,14.05998598184966,
ETR,2.39,2026-10-29,40,1.73913,20.0,123.025,20.40793356398675,
EVRG,9.85,2026-11-05,47,,11.0,91.27273,14.269458528951482,
EW,5.11,2026-10-29,41,1.62069,26.0,100.96154,14.05506100316313,
EXC,-3.93,2026-11-03,45,,17.0,48.88235,15.999881347887996,
EXE,19.09,2026-10-27,39,1.53571,27.0,125.51852,42.82944924897588,
EXPD,19.93,2026-11-03,45,3.17647,14.0,177.7143,-5.709351372861115,
EXPE,9.65,2026-11-05,48,2.17949,36.0,338.83334,21.65930846289183,
EXR,8.6,2026-10-28,40,2.2381,20.0,159.0,14.421498576207952,
F,21.27,2026-10-22,34,2.35,18.0,16.12333,23.267991345499574,
FANG,8.32,2026-11-02,45,1.51613,29.0,234.3793,21.20141689936912,
FAST,1.25,2026-10-14,25,2.72222,13.0,48.83846,0.15064082846303126,
FCX,18.5,2026-10-22,33,1.78261,22.0,72.04545,0.6502514668901986,
FDS,1.76,2026-09-30,11,3.22222,16.0,266.75,-6.179656724817105,
FDX,6.53,2026-10-12,24,1.82143,26.0,355.10358,17.451736455645978,
FDXF,,2026-10-28,40,2.0,14.0,164.0,35.01276035235038,
FE,-0.48,2026-10-21,33,,12.0,53.16667,17.249244679678036,
FERG,2.76,2026-11-09,51,1.86364,21.0,287.4762,33.775192535889616,
FFIV,18.25,2026-10-26,38,2.53846,10.0,436.1,2.4093556265264064,
FICO,3.43,2026-11-04,47,2.0,19.0,1440.1564,50.21658044058746,
FIS,0.54,2026-11-04,46,2.27586,24.0,50.0,38.946783381964714,
FISV,-3.85,2026-10-28,39,2.69444,27.0,60.44444,26.34707357859531,
FITB,-1.24,2026-10-19,30,1.7619,20.0,62.9,18.623290900518626,
FIX,19.85,2026-10-22,34,,8.0,2197.0,36.616184385211625,
FLEX,8.9,2026-10-28,39,1.27273,10.0,160.5,46.930928731633635,
FOX,31.62,2026-10-29,40,,,,,
FOXA,29.29,2026-10-29,40,2.0,18.0,76.42222,18.4106290672451,
FRT,35.3,2026-10-30,41,1.89474,19.0,133.15788,19.859471623385396,
FSLR,36.13,2026-10-29,41,1.91667,31.0,273.00452,40.79655492521918,
FTNT,20.53,2026-11-04,47,2.77273,36.0,164.31944,-2.5417751549479575,
FTV,4.91,2026-10-28,39,,13.0,64.30769,17.661128899460238,
GD,6.86,2026-10-28,39,2.08333,21.0,422.30286,20.06279159025971,
GDDY,8.01,2026-10-29,41,2.38889,16.0,105.1875,7.028388278388277,
GE,8.62,2026-10-20,31,1.54545,21.0,401.0,28.283054480309683,
GEHC,9.09,2026-10-28,39,1.73684,18.0,82.5,28.14538676607643,
GEN,2.99,2026-11-05,48,,9.0,33.0,13.519091847265221,
GEV,-22.44,2026-10-28,39,1.54054,33.0,1237.341,33.02453341360626,
GILD,6.86,2026-10-29,41,1.75,27.0,158.14815,4.813699174868274,
GIS,19.21,2026-09-23,4,3.05,18.0,37.66667,2.0304140899474925,
GL,-1.96,2026-10-21,33,,11.0,193.90909,12.455070824815499,
GLW,3.48,2026-10-27,38,1.47059,16.0,192.4375,27.814492561105205,
GM,12.0,2026-10-20,31,1.6,24.0,103.83333,26.626012195121955,
GNRC,44.65,2026-10-28,39,1.7619,16.0,290.125,41.57964083544799,
GOOG,212.9,2026-10-28,40,1.37705,15.0,422.336,22.24791953108039,
GOOGL,214.23,2026-10-28,40,1.37097,53.0,428.40756,22.601825830638465,
GPC,3.47,2026-10-20,31,,8.0,140.375,9.037595153021586,
GPN,0.63,2026-11-03,45,2.34286,29.0,103.41379,21.427570011154813,
GRMN,22.52,2026-10-28,39,2.75,7.0,290.2857,6.351236490199683,
GS,44.27,2026-10-13,24,2.6,20.0,1141.65,20.934937819114012,
GWW,6.26,2026-11-04,46,2.78947,14.0,1332.5714,5.8655004210559785,
HAL,2.28,2026-10-20,31,1.75,25.0,43.24,28.023686158401194,
HAS,12.8,2026-10-22,33,1.46667,14.0,109.64286,25.704789475192758,
HBAN,0.89,2026-10-22,33,1.8,19.0,20.19474,27.73396584440227,
HCA,1.23,2026-10-23,34,2.0,21.0,452.66666,5.418411737307872,
HD,3.97,2026-11-17,59,1.94444,32.0,377.1875,25.57429170689483,
HIG,8.93,2026-10-29,41,2.3913,20.0,149.4,12.576294175269382,
HII,38.02,2026-10-29,40,,12.0,368.41666,35.92704397874851,
HLT,0.78,2026-10-28,39,1.96429,26.0,353.0,16.37490521873867,
HON,7.22,2026-10-22,33,1.95652,22.0,263.27274,28.328697813848063,
HONA,-11.75,2026-11-04,47,2.46667,14.0,209.5,27.98582686785998,
HOOD,43.71,2026-11-04,47,1.65517,27.0,129.33852,8.45088042931409,
HPE,18.41,2026-12-03,76,2.04348,20.0,67.4295,11.178070898598525,
HPQ,19.99,2026-11-24,67,3.27778,17.0,29.66471,-14.127341149225654,
HRL,4.64,2026-12-03,75,2.6,8.0,26.125,24.46403049070987,
HSIC,2.52,2026-11-03,45,2.29412,16.0,98.1875,15.094947837299259,
HST,4.39,2026-11-04,47,1.90476,20.0,25.29033,16.037302133516857,
HSY,33.09,2026-11-05,47,2.47826,21.0,205.5238,22.146558896945205,
HUBB,2.43,2026-10-27,38,1.92308,11.0,565.7273,26.476033981667786,
HUM,8.79,2026-11-06,48,2.19231,23.0,419.0435,9.769089718402094,
HWM,6.74,2026-11-05,47,1.43478,21.0,337.74094,48.66012588582245,
IBKR,7.98,2026-10-20,32,1.92857,13.0,105.73846,17.46107531659632,
IBM,-0.1,2026-10-21,33,2.2,23.0,245.34695,6.503570420853855,
ICE,3.36,2026-10-29,40,1.46667,14.0,187.2857,21.063800904977377,
IDXX,8.54,2026-11-02,44,2.21429,13.0,698.9231,36.599128327404905,
IEX,9.93,2026-10-28,39,1.73333,14.0,255.92857,15.363686357592016,
IFF,-26.57,2026-11-03,46,1.80952,18.0,95.65556,14.915377222489187,
INCY,43.95,2026-10-27,38,2.28571,23.0,127.73913,-0.000681070925310735,
INTC,94.59,2026-10-22,34,2.46939,43.0,116.37209,8.698010461423499,
INTU,12.34,2026-11-19,62,2.05882,31.0,405.6,34.59432553509208,
INVH,9.76,2026-10-28,40,2.16,23.0,33.52174,23.764962156175002,
IP,205.43,2026-10-28,39,1.58333,11.0,47.81818,37.27050380364575,
IQV,3.94,2026-11-03,45,1.42857,18.0,277.94443,4.310001501163414,
IR,4.06,2026-10-29,41,2.0,13.0,96.25,34.277343749999986,
IRM,7.51,2026-11-04,46,1.72727,10.0,146.2,28.16713976880821,
ISRG,11.86,2026-10-20,32,1.78125,29.0,476.34482,21.42980014275519,
IT,17.06,2026-11-03,45,2.8,13.0,185.15385,-0.9289689121943288,
ITW,1.54,2026-10-23,34,3.1875,14.0,302.5,12.432633339527964,
IVZ,7.18,2026-10-27,38,2.42857,13.0,33.96154,11.789505561242796,
J,0.8,2026-11-19,62,1.9375,15.0,162.53333,13.232081649714376,
JBHT,9.55,2026-10-15,27,2.04167,23.0,298.47827,27.789643361733106,
JBL,1.35,2026-09-30,11,1.4,9.0,429.55557,44.87540303541315,
JCI,9.01,2026-11-04,46,2.04762,19.0,164.05263,15.76236107680908,
JKHY,6.4,2026-11-03,46,1.78947,17.0,190.23529,21.906626081384157,
JNJ,1.58,2026-10-13,24,1.91304,22.0,277.9091,2.7352408413737135,
JPM,5.86,2026-10-13,24,2.125,21.0,375.38095,8.239774513054881,
KDP,6.18,2026-10-26,37,1.83333,17.0,36.20588,16.77432672149654,
KEY,4.41,2026-10-20,31,2.05263,19.0,26.02105,25.221607314725684,
KEYS,23.69,2026-11-24,67,1.58333,12.0,415.08334,24.016534209740076,
KHC,5.6,2026-10-28,39,3.10526,17.0,25.08824,1.7984986812740897,
KIM,13.48,2026-10-29,40,2.3913,21.0,26.91667,19.52340142095915,
KKR,14.23,2026-11-05,47,1.59091,20.0,128.67,29.93688462509465,
KLAC,5.14,2026-10-28,40,1.86207,26.0,233.76923,34.50860496562042,
KMB,5.68,2026-11-03,45,2.4375,15.0,117.0,18.685331710286064,
KMI,18.28,2026-10-28,40,2.13043,20.0,36.0,12.517580872011248,
KO,4.05,2026-10-20,31,1.75,23.0,94.69565,7.786295600705705,
KR,3.56,2026-12-03,75,2.08333,22.0,67.90909,11.564136684737981,
KVUE,-2.82,2026-11-05,47,2.78571,12.0,19.5,8.725954836911075,
L,52.52,2026-11-02,44,,,,,
LDOS,12.11,2026-11-03,45,2.35294,15.0,156.6,20.83799529302828,
LEN,-4.52,2026-12-15,88,3.42105,13.0,84.92308,11.243227665706046,
LH,4.65,2026-10-27,38,1.76471,16.0,343.3125,6.660194174757282,
LHX,27.94,2026-10-29,40,1.78947,14.0,342.35715,38.712835784611634,
LII,0.28,2026-10-28,39,2.47059,13.0,492.69232,37.247846676695076,
LIN,0.31,2026-10-30,41,1.67857,25.0,544.4,18.48305130855867,
LITE,8.79,2026-11-05,48,1.5,26.0,1149.3787,26.06361427811504,
LLY,27.27,2026-10-29,40,1.63333,29.0,1324.8683,15.738335473613407,
LMT,10.29,2026-10-20,31,2.42857,18.0,640.2222,20.510145691375232,
LNT,12.23,2026-11-05,48,1.92308,12.0,78.04167,18.42438543247343,
LOW,4.19,2026-11-18,60,1.8,33.0,252.30302,31.10736853045105,
LRCX,8.1,2026-10-21,33,1.45714,31.0,373.12903,32.10913114289761,
LULU,63.34,2026-12-10,83,3.2,27.0,105.65185,6.9675508757719955,
LUV,80.17,2026-10-21,33,2.52,23.0,49.83043,21.90930886850153,
LVS,-22.04,2026-10-21,33,1.80952,19.0,59.06842,47.91140603480656,
LYB,25.6,2026-10-30,41,2.78947,17.0,68.35294,10.015998712377275,
LYV,82.89,2026-11-03,46,,24.0,201.95833,20.90779178016583,
MA,5.53,2026-10-29,40,1.425,37.0,666.7138,17.81893687707641,
MAA,33.8,2026-10-28,40,2.53846,25.0,142.04,17.836402853824442,
MAR,3.63,2026-11-03,45,2.21429,25.0,380.8,13.39070362981271,
MAS,25.13,2026-10-29,40,2.42857,18.0,80.33333,18.485737463126853,
MCD,1.77,2026-11-05,47,2.08571,31.0,312.8387,25.368665718235928,
MCHP,8.68,2026-11-05,48,1.53846,25.0,108.64,50.51260737046272,
MCK,4.14,2026-11-04,47,1.61111,15.0,980.73334,11.583914349428849,
MCO,10.0,2026-10-21,32,1.70833,21.0,561.9048,20.05486710537561,
MDLZ,7.4,2026-10-27,39,1.95833,23.0,69.13043,13.514663382594428,
MDT,4.51,2026-11-17,59,1.75,24.0,104.83333,13.35783953287197,
MET,6.16,2026-11-09,52,1.94444,16.0,105.0625,8.26163120201968,
META,-14.42,2026-10-28,40,1.33871,56.0,755.2807,12.597379170517915,
MGM,1.95,2026-10-28,40,2.40909,18.0,50.40556,33.82599230054428,
MKC,14.8,2026-10-01,12,2.26667,13.0,60.23077,22.295979695431473,
MLM,7.64,2026-11-03,45,1.875,24.0,658.125,33.9517417542717,
MMM,6.84,2026-10-20,31,2.22222,17.0,185.74706,12.546759904726079,
MNST,1.84,2026-11-05,48,2.04,23.0,50.23913,11.605309341330674,
MO,-1.17,2026-10-29,40,2.64286,11.0,70.0,0.4232121081701481,
MOS,-5.88,2026-11-03,46,2.45,18.0,26.77222,7.908988311164862,
MPC,27.08,2026-11-03,45,2.21053,18.0,370.16666,-12.568694789550763,
MPWR,10.53,2026-10-29,41,1.29412,15.0,1839.8,53.44581689588737,
MRK,49.43,2026-10-29,40,1.75,26.0,152.96153,4.7538213943295435,
MRNA,4.33,2026-11-05,47,2.73913,18.0,119.55556,-23.031249597630858,
MRSH,2.26,2026-10-15,26,2.52174,21.0,207.09525,18.839267781826532,
MRVL,0.99,2026-12-01,74,1.42222,42.0,289.0411,21.765602948920474,
MS,17.94,2026-10-14,25,2.28,21.0,236.42857,17.07769473946924,
MSCI,-0.84,2026-10-20,31,,17.0,692.05884,25.366164882343362,
MSFT,11.81,2026-10-28,40,1.36364,52.0,572.91516,15.773180293416319,
MSI,14.45,2026-11-05,48,1.64286,11.0,526.8182,14.217804180036431,
MTB,14.12,2026-10-16,27,2.7,18.0,260.08334,14.834686623838225,
MTD,6.09,2026-11-05,48,2.6,14.0,1452.5,4.159196844747221,
MU,21.39,2026-09-30,12,1.34694,45.0,1513.1111,51.41179884623275,
NCLH,22.8,2026-11-04,46,2.2963,25.0,20.52,45.12022630834511,
NDAQ,8.79,2026-10-22,33,1.76471,15.0,109.66667,18.417741064679838,
NDSN,5.03,2026-12-09,82,2.0,7.0,349.7143,12.865676940455046,
NEE,3.8,2026-10-27,38,2.0,18.0,98.38889,22.16152222498137,
NEM,5.68,2026-10-22,34,1.56522,21.0,134.83333,9.185537950005703,
NFLX,1.45,2026-10-20,32,1.76471,45.0,93.88222,30.761190973958414,
NI,1.48,2026-10-28,39,1.6,14.0,49.85714,22.75548442693586,
NKE,466.13,2026-10-01,13,2.73171,36.0,48.21111,34.53637505232314,
NOC,12.66,2026-10-20,31,2.0,22.0,646.4091,23.599174895341797,
NOW,5.05,2026-10-28,40,1.42857,46.0,143.84042,5.154192557935524,
NRG,-14.37,2026-11-05,47,1.5625,16.0,188.75,80.01907486886029,
NSC,5.92,2026-10-22,33,2.57143,18.0,365.27777,15.608865046208381,
NTAP,21.54,2026-12-01,74,2.3,16.0,197.0,0.911791824608135,
NTRS,-8.35,2026-10-21,32,3.0,13.0,184.26923,4.2541612446958945,
NUE,6.94,2026-10-26,38,1.52941,16.0,285.3125,15.050002016210327,
NVDA,6.16,2026-11-17,60,1.29508,58.0,328.4879,49.44854413102821,
NVR,-6.69,2026-10-21,32,2.66667,5.0,6782.0,8.931692023026315,
NWS,51.24,2026-11-05,48,,,,,
NWSA,51.24,2026-11-05,48,,8.0,36.1625,21.188002680965155,
NXPI,2.35,2026-10-26,38,1.8,29.0,311.10345,37.413184628975266,
O,-12.71,2026-11-02,45,2.5,20.0,68.1625,20.23725524783912,
ODFL,9.72,2026-10-28,39,2.44,23.0,228.78261,32.98994942742545,
OKE,5.64,2026-10-27,39,2.33333,19.0,101.05263,6.781455064193996,
OMC,-0.39,2026-10-20,32,2.07692,12.0,102.0,32.562219767366315,
ON,3.45,2026-11-02,44,2.17241,25.0,104.48,51.50812064965199,
ORCL,10.45,2026-12-10,83,1.60465,41.0,238.99854,63.59678280512012,
ORLY,0.17,2026-10-28,40,1.53571,25.0,107.8,27.498370788443772,
OTIS,0.38,2026-10-28,39,2.15385,12.0,88.25,28.55061908230152,
OXY,28.99,2026-11-09,52,2.30769,25.0,68.0,15.322649029085046,
PANW,4.35,2026-11-19,62,1.65455,50.0,395.38,8.989166689638067,
PAYX,0.91,2026-09-23,4,3.05263,14.0,121.0,4.4138585666824826,
PCAR,5.39,2026-10-27,38,2.33333,15.0,144.8,26.75070028011206,
PCG,11.64,2026-10-22,33,2.05882,16.0,19.65625,48.40505851264629,
PEG,7.68,2026-11-02,44,2.31818,18.0,85.47222,21.83339747701517,
PEP,-0.37,2026-10-08,19,2.66667,22.0,155.0,18.896943197944225,
PFE,12.87,2026-11-03,45,2.46429,26.0,28.875,4.904632152588561,
PFG,7.07,2026-10-26,38,3.0,12.0,111.83333,-4.018083508561126,
PG,1.55,2026-10-22,33,2.2,23.0,160.6087,9.739127464042916,
PGR,0.33,2026-10-14,25,2.64,21.0,231.7143,8.378999064546305,
PH,12.15,2026-11-05,47,1.68,23.0,1160.9535,24.48635259678639,
PHM,5.27,2026-10-22,33,2.0,15.0,141.33333,20.293922887054215,
PKG,1.62,2026-10-21,33,2.0,10.0,258.5,10.124182588876812,
PLD,48.33,2026-10-15,26,,13.0,158.23077,17.713710757327796,
PLTR,18.51,2026-11-02,45,1.8125,27.0,196.84074,12.11524747963776,
PM,7.31,2026-10-21,32,1.6875,15.0,207.4,9.411268200042205,
PNC,8.02,2026-10-15,26,1.81818,20.0,277.725,19.9572391154112,
PNR,-0.58,2026-10-20,31,2.25,14.0,77.35714,38.508755595344674,
PNW,-2.66,2026-11-03,45,2.5625,13.0,105.84615,12.27382657120126,
PODD,14.28,2026-11-05,47,1.96,22.0,171.90909,21.08832147636824,
PPG,-1.04,2026-10-27,39,2.125,21.0,126.28571,20.478639572600652,
PPL,-4.0,2026-11-04,46,,14.0,40.92857,22.4123523254075,
PRU,15.98,2026-10-28,40,3.38889,15.0,113.4,-3.710540638991797,
PSA,-2.93,2026-10-28,40,2.5,18.0,337.55557,12.902391464311982,
PSKY,-2.33,2026-11-09,52,3.42857,16.0,9.85625,-3.981977593765234,
PSX,25.45,2026-10-28,39,2.1,19.0,251.94737,-7.353556785379392,
PTC,0.98,2026-11-11,54,1.9,20.0,173.35,28.30761259760927,
PWR,28.11,2026-10-29,40,1.51613,29.0,768.69586,22.238349367893775,
PYPL,8.03,2026-10-27,38,2.88372,32.0,57.07344,8.21660978384527,
Q,11.01,2026-11-16,58,1.25,8.0,176.75,47.48831775700934,
QCOM,-0.49,2026-10-29,41,2.56757,30.0,194.13333,8.92903714510156,
RCL,5.74,2026-10-27,38,1.75,26.0,346.92307,40.773847589677,
RDDT,29.56,2026-10-29,41,1.90909,32.0,215.23125,42.24522503469697,
REG,3.59,2026-10-28,40,,18.0,87.05556,19.205203341092698,
REGN,39.99,2026-10-28,39,1.89286,27.0,849.3174,8.213977193094221,
RF,7.91,2026-10-16,27,2.86364,20.0,32.9925,16.068601583113455,
RJF,7.84,2026-10-28,40,2.46667,13.0,186.0,13.228221829914158,
RL,6.19,2026-11-05,47,1.52632,17.0,446.70587,33.9307329065915,
RMD,1.98,2026-10-29,41,2.42105,16.0,246.4375,8.34798856891625,
ROK,3.15,2026-11-05,47,2.25926,24.0,478.95834,16.60012659152325,
ROL,-5.82,2026-10-28,40,2.52632,17.0,45.58824,38.75586668695786,
ROP,1.78,2026-10-22,33,2.4,15.0,445.2,19.303793228196632,
ROST,36.74,2026-11-19,62,1.75,18.0,269.94443,17.99817720855007,
RSG,1.7,2026-10-29,41,2.0,24.0,245.91667,12.826514039273263,
RTX,13.71,2026-10-20,31,1.86957,22.0,234.81818,22.20248237100258,
RVTY,15.93,2026-10-26,37,2.42105,17.0,126.11765,-12.137627142259994,
SBAC,-1.22,2026-11-02,45,2.14286,20.0,226.4,24.570139481141158,
SBUX,30.79,2026-10-28,40,2.35135,31.0,112.22581,17.67412184124986,
SCHW,4.55,2026-10-15,26,1.72727,20.0,124.95,19.181610072491413,
SHW,5.13,2026-10-27,38,2.0,22.0,391.0,22.249541642383505,
SJM,46.18,2026-11-24,66,2.10526,16.0,141.4375,15.130240130240136,
SLB,6.3,2026-10-23,34,1.6,29.0,62.34483,22.017477248263045,
SMCI,77.55,2026-11-03,46,2.84211,16.0,42.375,8.919162061431688,
SNA,0.26,2026-10-15,26,2.54545,9.0,413.77777,11.4117772183255,
SNDK,13.72,2026-11-06,49,1.54167,23.0,2125.087,22.039906851470587,
SNPS,6.44,2026-12-09,82,1.48,26.0,545.93384,42.44849054142206,
SO,11.82,2026-10-29,40,2.65217,19.0,99.97368,16.757582481751825,
SOLV,33.78,2026-11-05,48,2.2,13.0,93.92308,5.027066618210287,
SPG,10.11,2026-11-02,45,2.45,18.0,235.0,15.136816834472459,
SPGI,-2.94,2026-10-29,40,1.33333,20.0,520.3,28.007676032081875,
SRE,9.65,2026-11-04,46,1.57895,17.0,101.82353,25.09033169533169,
STE,3.89,2026-11-04,47,1.77778,8.0,263.125,27.5572038006593,
STLD,0.56,2026-10-19,31,2.0,14.0,272.2143,16.216667378217988,
STT,9.21,2026-10-14,25,2.0625,14.0,199.5,9.377998300392,
STX,12.09,2026-10-27,39,1.44,23.0,1125.0,32.47138618058499,
STZ,7.13,2026-10-06,18,2.04167,23.0,168.65218,40.21631193880943,
SW,-16.91,2026-10-28,39,1.29412,16.0,56.84375,26.805249444538642,
SWK,29.86,2026-11-03,45,2.46667,11.0,100.72727,13.495515492957752,
SWKS,4.79,2026-11-03,46,3.0,17.0,68.35294,-23.030302347840774,
SYF,21.85,2026-10-14,25,1.875,23.0,89.30435,19.072466666666664,
SYK,5.79,2026-10-29,41,1.67857,25.0,374.88,35.31131564699512,
SYY,1.24,2026-11-03,45,2.4,13.0,90.30769,13.601723378828842,
T,10.49,2026-10-21,32,2.08,23.0,28.70652,12.420285882122581,
TAP,4.39,2026-11-03,45,2.7619,21.0,45.28571,18.054509906152248,
TDG,5.52,2026-11-05,47,2.08696,19.0,1513.3684,39.764351680827495,
TDY,8.41,2026-10-21,32,1.75,12.0,758.0833,26.28512647948093,
TECH,0.13,2026-11-09,51,,11.0,70.72727,-2.1346755223467437,
TEL,3.34,2026-10-28,39,1.72222,18.0,248.88889,20.056384158988955,
TER,20.28,2026-10-21,33,1.64706,15.0,446.46667,24.180644174338735,
TFC,13.78,2026-10-16,27,2.66667,18.0,54.93056,13.492892561983474,
TGT,75.83,2026-11-18,60,2.52632,34.0,162.76471,3.247619651749182,
TJX,14.48,2026-11-18,60,1.59091,20.0,169.8,31.8937393195588,
TKO,23.27,2026-11-04,47,1.5,19.0,231.42105,22.65910178666361,
TMO,5.6,2026-10-21,32,1.51724,27.0,645.14813,-0.698318415847666,
TMUS,14.86,2026-10-28,40,1.7037,24.0,243.375,45.177165354330725,
TPL,2.14,2026-11-04,47,3.0,2.0,443.0,23.666985744239366,
TPR,3.41,2026-11-05,47,1.77273,20.0,166.5,45.64380685794263,
TRGP,14.25,2026-11-05,47,1.45455,21.0,318.8095,8.440449667511356,
TRMB,7.17,2026-11-04,46,1.38462,11.0,80.18182,39.3739266469668,
TROW,2.05,2026-10-30,41,3.38462,12.0,109.33333,5.636067632850246,
TRV,86.12,2026-10-16,27,2.96552,24.0,360.54166,-3.9119290016523762,
TSCO,-15.89,2026-10-22,33,2.1,27.0,35.48148,9.291483135684565,
TSLA,-39.15,2026-10-21,33,2.34884,38.0,396.93738,9.356671947103793,
TSN,0.34,2026-11-09,51,2.61538,12.0,64.41667,21.357705350414466,
TT,1.15,2026-10-29,40,2.0,21.0,526.99146,24.228910209566013,
TTD,-14.62,2026-11-05,48,3.11111,30.0,13.56667,-3.129810781863624,
TTWO,13.9,2026-11-09,51,1.2069,29.0,286.4417,38.742922186432885,
TXN,10.48,2026-10-27,39,2.08333,31.0,324.7097,23.412100105621185,
TXT,4.82,2026-10-22,33,2.1875,15.0,102.06667,27.639179641092976,
TYL,0.36,2026-10-28,40,,22.0,426.63635,25.547745865458182,
UAL,7.58,2026-10-21,33,1.36,23.0,157.76086,45.831817341467925,
UBER,40.22,2026-11-03,45,1.58,46.0,101.2413,43.84953111679455,
UDR,61.01,2026-10-28,40,2.36364,21.0,41.69048,22.691230135373765,
UHS,-0.45,2026-10-26,38,2.4,17.0,193.94118,9.05067896201749,
ULTA,5.61,2026-12-03,76,1.78571,25.0,630.64,16.120716639967583,
UNH,29.8,2026-10-13,24,1.57692,25.0,481.72,28.833141665106577,
UNP,5.17,2026-10-22,33,1.72,24.0,330.45834,18.084095050920133,
UPS,5.75,2026-10-27,38,2.17241,26.0,116.07692,17.34269565806353,
URI,10.11,2026-10-21,33,1.77273,21.0,1269.3334,26.054738472844267,
USB,5.13,2026-10-15,26,1.86957,21.0,70.33333,17.506189959067758,
V,2.76,2026-10-27,39,1.45,37.0,419.36163,13.492816064735253,
VEEV,5.77,2026-11-25,68,1.96552,27.0,297.2963,12.948084265714341,
VICI,-31.75,2026-10-29,41,1.84,24.0,32.25,34.62742642454603,
VLO,23.84,2026-10-22,33,2.3,19.0,355.4737,-13.374102910894228,
VLTO,10.34,2026-10-21,33,1.875,14.0,114.78571,20.776210016835,
VMC,4.92,2026-10-29,40,1.875,23.0,323.08698,33.51043704425485,
VMRK,,2026-10-21,33,2.15,18.0,73.68889,19.585994806880887,
VRSK,2.38,2026-10-28,39,2.05263,17.0,234.76471,32.43714777310807,
VRSN,1.11,2026-10-22,34,1.8,5.0,324.4,6.8159367797168215,
VRT,6.42,2026-10-21,32,1.39286,26.0,338.15384,36.33036606998872,
VRTX,-0.32,2026-11-02,45,1.67742,27.0,569.1852,12.448303452363312,
VST,-54.2,2026-11-05,47,,19.0,217.57895,53.08985048372911,
VTR,51.73,2026-10-28,40,1.6087,22.0,101.86364,17.449141012337137,
VTRS,15.04,2026-11-05,47,2.09091,9.0,18.77778,10.750693010911245,
VZ,2.71,2026-10-20,31,2.36,22.0,51.58182,7.3950031230480935,
WAB,5.94,2026-10-21,32,,12.0,329.16666,18.85418306553529,
WAT,1.41,2026-10-30,41,1.68,24.0,442.70834,4.910918634548623,
WBD,153.87,2026-11-05,47,2.73684,12.0,29.75,6.421033804328391,
WDAY,5.27,2026-12-01,74,2.2619,38.0,208.68184,7.065743163511364,
WDC,7.87,2026-11-05,48,1.53846,24.0,664.9167,51.107129059382316,
WEC,12.32,2026-10-29,40,2.36842,17.0,121.61765,17.340585652949976,
WELL,-16.88,2026-10-26,38,1.68182,22.0,262.22726,14.679987754745039,
WFC,16.38,2026-10-13,24,1.88462,23.0,100.45652,16.68101515767466,
WM,2.14,2026-10-26,38,1.75,25.0,259.92,22.707959588329725,
WMB,0.25,2026-11-02,45,1.40909,21.0,85.38095,17.49133067290491,
WMT,9.27,2026-11-19,61,1.53488,40.0,127.425,18.87769381472152,
WRB,17.34,2026-10-19,31,3.38889,17.0,69.41176,-0.6558465722055296,
WSM,37.87,2026-11-18,60,2.17391,20.0,247.85,11.153466678625888,
WST,13.86,2026-10-22,33,1.41176,16.0,405.375,11.869247857822911,
WTW,7.78,2026-10-29,40,1.7619,19.0,378.57895,21.788306257037153,
WY,66.58,2026-10-29,41,1.66667,11.0,31.0,45.33520862634788,
WYNN,26.35,2026-11-05,48,1.19048,20.0,132.005,61.06027330405076,
XEL,18.44,2026-10-29,40,,17.0,91.76471,26.659365079365067,
XOM,13.26,2026-10-30,41,2.32,22.0,170.90909,5.039081801978971,
XYL,9.23,2026-11-03,45,1.85714,16.0,153.875,42.529640607632466,
XYZ,16.71,2026-11-09,52,1.55319,42.0,98.30952,28.1072713057076,
YUM,3.71,2026-11-03,45,2.07407,23.0,172.88696,26.29626707575426,
ZBH,2.99,2026-11-05,47,2.44444,21.0,107.57143,12.440085711299263,
ZBRA,45.1,2026-11-03,45,1.9375,15.0,411.45267,18.946177529161783,
ZTS,0.95,2026-11-03,45,2.22222,15.0,96.0,32.222298739756205,
