Ticker,last_earnings_surprise_pct,next_earnings_date,days_to_earnings,analyst_rating_mean,num_analysts,price_target_mean,price_target_upside_pct,news_sent_score_30d
A,-0.6,2026-05-27,32.0,1.66667,16.0,160.6875,39.06317611423626,
AA,-9.58,2026-07-15,81.0,2.07143,13.0,73.86923,11.906120284805327,
AAL,13.04,2026-07-23,89.0,2.15385,24.0,14.81875,22.46900826446281,
AAON,-15.22,2026-05-07,12.0,1.2,4.0,122.75,23.25534692238176,
AAPL,6.25,2026-04-30,5.0,1.89362,40.0,297.7055,9.830111414446975,
ABBV,-64.51,2026-04-29,4.0,1.8125,30.0,249.26666,25.442433697347887,
ABNB,-15.65,2026-05-07,12.0,2.2093,36.0,146.875,2.8392382019325075,
ABT,0.33,2026-07-16,82.0,1.67857,25.0,118.64,30.18764402501921,
ACGL,15.83,2026-04-28,3.0,2.25,19.0,109.10526,13.42682191495998,
ACHC,593.07,2026-04-29,4.0,2.21429,14.0,23.60714,-13.779620160701233,
ACI,-369.0,2026-07-21,87.0,2.10526,16.0,21.0,26.353790613718402,
ACM,10.89,2026-05-11,16.0,1.5,12.0,121.83333,51.59055617767824,
ACN,3.26,2026-06-18,54.0,1.85714,27.0,250.51407,40.45417694550347,
ADBE,0.96,2026-06-11,47.0,2.41026,34.0,329.27853,34.15846235332464,
ADC,4.31,2026-07-30,96.0,1.85,18.0,85.08333,10.94449080714566,
ADI,3.05,2026-05-20,25.0,1.54286,32.0,393.15625,-1.6051630502790484,
ADM,9.17,2026-05-05,10.0,3.16667,11.0,65.72727,-5.059555106167846,
ADP,2.0,2026-04-29,4.0,2.77778,15.0,256.46667,30.49746603571975,
ADSK,7.81,2026-05-21,26.0,1.42424,32.0,325.54843,37.10766088274933,
ADT,3.41,2026-04-30,5.0,,5.0,8.1,11.570247933884296,
AEE,1.44,2026-05-05,10.0,2.0,15.0,120.53333,8.471319294456444,
AEP,3.6,2026-05-05,10.0,2.0,21.0,141.38095,4.936502634899446,
AES,33.04,2026-04-30,5.0,2.81818,9.0,15.11111,4.28647342995169,
AFG,10.11,2026-04-29,4.0,2.42857,6.0,140.83333,8.100498925391456,
AFL,-7.34,2026-04-29,4.0,3.07143,14.0,111.85714,-2.4104519281102803,
AFRM,-13.89,2026-05-07,12.0,1.64516,27.0,78.92963,23.869475831763975,
AGCO,16.82,2026-05-05,10.0,2.73333,14.0,128.2857,10.467321105657449,
AGNC,-216.26,2026-07-20,86.0,2.5,9.0,11.5,4.355716878402908,
AGO,48.41,2026-05-07,12.0,,4.0,105.75,26.798561151079127,
AIG,3.06,2026-04-30,5.0,2.36364,20.0,86.45,15.051903114186855,
AIT,0.69,2026-04-28,3.0,1.57143,5.0,305.0,3.971365263337302,
AIZ,1.94,2026-05-05,10.0,1.57143,6.0,260.0,13.141862489120971,
AJG,1.4,2026-04-30,5.0,1.90909,19.0,271.42105,26.01961649178196,
AKAM,5.12,2026-05-07,12.0,2.125,23.0,111.63174,17.198677165354322,
AL,56.65,2026-05-04,9.0,,3.0,65.0,0.0,
ALAB,12.64,2026-05-05,10.0,1.75,21.0,202.85715,-4.690307273068979,
ALB,-8.6,2026-05-06,11.0,2.16667,22.0,195.24,3.6690914883449244,
ALGM,4.09,2026-05-07,12.0,1.25,12.0,46.08333,4.426308633582583,
ALGN,10.81,2026-04-29,4.0,1.875,14.0,205.5,8.38035968567058,
ALK,-5.75,2026-07-22,88.0,1.25,16.0,58.0,39.45660014426544,
ALL,40.74,2026-04-29,4.0,2.125,21.0,240.0,12.739571589627962,
ALLE,-2.01,2026-04-28,3.0,2.38462,12.0,173.16667,18.526125941136222,
ALLY,17.92,2026-07-16,82.0,1.66667,17.0,54.01176,22.253870529651433,
ALNY,-16.5,2026-04-30,5.0,1.78571,25.0,449.12,46.99221051253517,
ALSN,-2.39,2026-05-04,9.0,2.5,10.0,133.3,-1.6308759501143677,
AM,2.19,2026-04-29,4.0,3.125,7.0,23.28571,8.964482919981286,
AMAT,18.18,2026-05-14,19.0,1.52778,32.0,422.96875,1.4216262229042729,
AMCR,2.47,2026-05-06,11.0,1.75,11.0,50.21818,28.929858793324758,
AMD,15.98,2026-05-05,10.0,1.61224,46.0,292.3913,-15.933613179609557,
AME,0.86,2026-04-30,5.0,1.75,18.0,250.0,7.319167203262508,
AMG,7.28,2026-05-01,6.0,1.42857,7.0,375.14285,30.51170679098247,
AMGN,1.5,2026-04-30,5.0,2.51429,30.0,352.73334,2.375080539834563,
AMH,55.78,2026-05-06,11.0,2.26087,20.0,34.375,12.520458265139114,
AMKR,56.45,2026-04-27,2.0,2.2,8.0,57.25,-26.69654289372599,
AMP,10.27,2026-07-23,89.0,2.42857,11.0,530.8182,14.370895458071198,
AMT,19.05,2026-04-28,3.0,1.76,22.0,215.45454,20.899242466752707,
AMTM,4.44,2026-05-11,16.0,2.27273,11.0,36.54545,41.375048355899416,
AMZN,0.22,2026-04-29,4.0,1.35294,64.0,283.47656,7.381552331527708,
AN,4.15,2026-05-01,6.0,2.0,11.0,236.63635,16.52944797360516,
ANET,8.17,2026-05-05,10.0,1.4,26.0,179.75084,1.6058108642812812,
AON,76.61,2026-05-01,6.0,2.0,19.0,389.94736,21.425969981939346,
AOS,6.39,2026-04-30,5.0,2.5,10.0,78.3,21.621621621621625,
APA,41.73,2026-05-06,11.0,2.85714,27.0,41.2963,9.45216008481316,
APD,3.93,2026-04-30,5.0,1.95652,21.0,316.52332,4.892404559915171,
APG,6.42,2026-04-30,5.0,1.36364,11.0,52.0,6.9958847736625485,
APH,3.07,2026-04-29,4.0,1.66667,18.0,169.77779,13.404441921047358,
APLS,-19.4,2026-05-07,12.0,2.8,15.0,40.93333,-0.016292134831460022,
APO,-24.65,2026-05-06,11.0,1.8,17.0,139.05882,11.90956059874456,
APP,11.87,2026-05-06,11.0,1.46667,28.0,639.3571,42.62131655847775,
APPF,9.18,2026-07-30,96.0,1.33333,8.0,245.98875,45.306131490342025,
APTV,0.21,2026-05-05,10.0,1.54545,19.0,87.08724,44.903893510815294,
AR,13.76,2026-04-29,4.0,1.71429,21.0,49.38095,30.49933932346722,
ARE,-2200.77,2026-04-27,2.0,2.6875,14.0,57.85714,22.061476793248953,
ARES,-14.0,2026-05-01,6.0,1.94118,17.0,144.29411,25.22269374294887,
ARM,5.09,2026-05-06,11.0,1.87179,36.0,169.58861,-27.77624036455007,
ARMK,0.32,2026-05-12,17.0,1.5,16.0,47.4375,2.501080380293861,
ARW,23.14,2026-05-07,12.0,3.0,4.0,152.5,-18.457918939150897,
AS,-18.36,2026-05-19,24.0,1.25,23.0,48.87609,36.373018973214265,
ASH,5.22,2026-04-28,3.0,1.75,10.0,67.5,17.595818815331015,
ASML,7.99,2026-07-15,81.0,1.45455,15.0,1662.064,14.019619949235098,
ASTS,-30.0,2026-05-11,16.0,2.6,8.0,86.4,13.089005235602095,
ATI,-21.36,2026-04-30,5.0,1.11111,9.0,173.22221,12.292370024633735,
ATO,0.07,2026-05-06,11.0,2.78571,11.0,186.81818,0.7377622000539357,
ATR,1.74,2026-04-30,5.0,1.75,7.0,162.7143,31.136605415860746,
AU,-2.09,2026-05-08,13.0,2.0,7.0,120.57143,21.421379657603232,
AUR,31.92,2026-05-06,11.0,2.11111,8.0,10.5875,115.63136456211814,
AVB,-6.27,2026-04-27,2.0,2.52174,20.0,193.55,12.281007077387178,
AVGO,1.32,2026-06-03,39.0,1.2766,42.0,475.49295,12.473495600340623,
AVT,10.24,2026-04-29,4.0,2.75,4.0,66.0,-16.08391608391609,
AVTR,-31.58,2026-04-29,4.0,2.8,13.0,10.57692,33.885063291139225,
AVY,2.65,2026-04-28,3.0,1.54545,10.0,205.0,23.867069486404834,
AWI,-4.0,2026-04-28,3.0,2.0,10.0,206.8,16.003814438772647,
AWK,-2.29,2026-04-29,4.0,2.76923,11.0,139.45454,5.312294215375337,
AXON,34.51,2026-05-06,11.0,1.6,18.0,707.95776,78.27300564061241,
AXP,7.25,2026-07-24,90.0,2.39286,23.0,359.02347,14.309561258278144,
AXS,4.23,2026-04-29,4.0,1.83333,11.0,122.45455,23.305356963045003,
AXTA,-1.8,2026-04-30,5.0,2.21429,14.0,36.5,23.019885406134136,
AYI,3.54,2026-06-25,61.0,1.88889,8.0,352.5,21.73222364195186,
AZO,1.24,2026-05-26,31.0,1.57692,23.0,4204.7393,17.51942614543128,
BA,70.26,2026-07-28,94.0,1.55556,25.0,266.64,14.713474445018065,
BAC,8.78,2026-07-14,80.0,1.5,23.0,62.71739,20.494505283381372,
BAH,37.08,2026-05-22,27.0,3.0,12.0,97.83333,24.248577597155208,
BALL,1.51,2026-05-05,10.0,1.66667,14.0,70.85714,15.553065883887804,
BAM,-28.86,2026-05-08,13.0,2.38889,18.0,57.77444,21.451418961530372,
BAX,-17.8,2026-04-30,5.0,,13.0,22.11538,21.780726872246685,
BBWI,15.8,2026-05-28,33.0,,13.0,27.61538,37.45833748133399,
BBY,5.83,2026-05-28,33.0,2.54167,19.0,72.73684,20.325624483043832,
BC,2.0,2026-04-30,5.0,2.1,17.0,89.52941,12.800062996094233,
BDX,415.38,2026-05-07,12.0,2.4,13.0,191.46153,25.84562245300383,
BEN,23.96,2026-04-28,3.0,3.0,11.0,26.68182,-1.6157079646017796,
BEPC,-136.5,2026-05-01,6.0,2.83333,6.0,42.16667,2.3214511041009525,
BF-A,,2026-06-04,40.0,,,,,
BF-B,24.68,2026-06-04,40.0,2.88235,15.0,29.22667,3.2379724478982688,
BFAM,2.48,2026-05-05,10.0,2.33333,9.0,97.11111,19.860664033571958,
BG,9.62,2026-04-29,4.0,1.5,10.0,135.0,8.086469175340268,
BHF,-28.74,2026-05-07,12.0,3.125,6.0,65.0,4.771115409413283,
BIIB,-135.98,2026-04-29,4.0,2.02778,30.0,212.02733,14.99475539646383,
BILL,14.18,2026-05-07,12.0,1.875,22.0,55.77273,49.967007260016146,
BIO,-7.04,2026-04-30,5.0,,4.0,302.5,5.093107281823244,
BIRK,5.87,2026-05-13,18.0,1.42857,20.0,56.982353,44.62526142131981,
BJ,4.42,2026-05-21,26.0,2.13043,20.0,104.6,10.910825999363793,
BK,16.54,2026-07-15,81.0,2.125,14.0,141.9643,5.903991048116372,
BKNG,0.27,2026-04-28,3.0,1.52632,36.0,231.9789,28.698418862690712,
BKR,90.5,2026-07-21,87.0,1.72727,21.0,63.47619,-7.925456919060045,
BLD,-0.88,2026-05-05,10.0,2.0,11.0,478.9091,5.554010270877884,
BLDR,-12.25,2026-04-30,5.0,2.19048,21.0,118.09524,31.15864060417592,
BLK,9.0,2026-07-15,81.0,1.58824,16.0,1255.0,20.099141602151256,
BLSH,23.28,2026-05-14,19.0,2.27273,10.0,45.2,13.141426783479348,
BMRN,-156.78,2026-04-30,5.0,1.6087,23.0,88.86957,67.11088755171116,
BMY,-45.73,2026-04-30,5.0,2.51724,25.0,63.04,7.375234202009875,
BOKF,11.5,2026-07-20,86.0,2.66667,9.0,143.66667,8.378598370549192,
BPOP,17.9,2026-07-22,88.0,1.44444,9.0,160.0,8.813928182807405,
BR,16.81,2026-04-30,5.0,2.22222,8.0,245.875,58.557425678725735,
BRBR,16.74,2026-05-05,10.0,1.8125,14.0,26.5,63.580246913580254,
BRK-B,-8.48,2026-05-02,7.0,,3.0,524.0,11.65089917327197,
BRKR,-9.76,2026-05-06,11.0,2.0,14.0,46.78571,28.004678522571837,
BRO,3.34,2026-04-27,2.0,2.72222,15.0,79.46667,20.586752655538675,
BROS,73.86,2026-05-06,11.0,1.28,24.0,75.83333,32.02181406685238,
BRX,7.56,2026-04-27,2.0,1.5,18.0,32.375,6.672158154859963,
BSX,1.62,2026-07-22,88.0,1.36364,31.0,87.06452,40.26827775092637,
BSY,-16.79,2026-05-07,12.0,1.875,14.0,47.35714,41.61824162679427,
BURL,2.91,2026-05-28,33.0,1.58824,14.0,370.5,11.673749886969894,
BWA,13.53,2026-05-06,11.0,2.0,15.0,66.73333,18.552726949724633,
BWXT,12.64,2026-05-04,9.0,2.14286,11.0,234.54546,5.106636791395915,
BX,1.69,2026-07-23,89.0,2.04545,20.0,144.4,18.70119194410193,
BXP,413.36,2026-04-28,3.0,2.18182,20.0,70.05,21.340724060280618,
BYD,-6.65,2026-07-23,89.0,2.23529,15.0,94.73333,12.939115402956606,
C,17.91,2026-07-14,80.0,1.6087,22.0,142.54546,11.381043913111414,
CACC,15.19,2026-04-29,4.0,3.0,3.0,481.66666,-6.310583338196113,
CACI,4.95,2026-08-05,102.0,1.46667,13.0,704.8461,36.45527935881056,
CAG,-2.61,2026-07-09,75.0,3.11111,17.0,16.22353,14.49209597741708,
CAH,2.6,2026-04-30,5.0,1.5,15.0,248.26666,24.226499874906185,
CAI,168.69,2026-05-07,12.0,1.38462,13.0,29.69231,46.991633663366336,
CAR,-1126.52,2026-04-29,4.0,3.125,7.0,120.28571,-41.03641666666667,
CARR,-4.54,2026-04-30,5.0,1.96154,23.0,71.03391,16.506330982450397,
CART,-41.38,2026-05-06,11.0,2.1,28.0,49.96429,18.483021105050977,
CASY,16.64,2026-06-08,44.0,1.83333,16.0,739.9375,-7.455756362954157,
CAT,9.51,2026-04-30,5.0,2.10714,26.0,768.1369,-7.541388317143922,
CAVA,51.0,2026-05-14,19.0,2.06897,26.0,87.34615,-8.710127508361216,
CB,3.24,2026-07-28,94.0,2.4,23.0,344.56522,5.6559609959524115,
CBC,3.98,2026-04-28,3.0,1.8,5.0,27.9,7.555898226676935,
CBOE,3.76,2026-05-01,6.0,3.11765,14.0,301.64285,-0.713324117046836,
CBRE,42.23,2026-07-30,96.0,1.61538,12.0,175.75,18.517769235956578,
CBSH,12.8,2026-07-15,81.0,2.75,8.0,58.5625,15.827729430379742,
CCC,,,,1.92308,12.0,9.08333,82.39618473895581,
CCEP,,,,1.81818,10.0,106.526146,8.633638588619206,
CCI,,,,2.09524,20.0,98.52,14.107018763029872,
CCK,,,,1.85714,13.0,125.84615,24.439978245822207,
CCL,,,,1.57692,22.0,34.50909,27.01174089068825,
CDNS,,,,1.42308,27.0,371.52963,11.607326744570281,
CDW,,,,1.90909,10.0,166.2,22.819982264262485,
CE,,,,1.9375,16.0,69.875,7.5,
CEG,,,,1.8,19.0,371.98053,18.642723184384273,
CELH,,,,1.54545,20.0,65.4,89.07198612315698,
CERT,,,,2.23077,11.0,8.71364,37.874050632911384,
CF,,,,3.0,19.0,118.05263,-2.3793682295542986,
CFG,,,,1.44444,17.0,72.82353,14.161357579557935,
CFR,,,,2.93333,15.0,146.66667,3.724660537482323,
CG,,,,2.05882,16.0,61.875,28.05256622516556,
CGNX,,,,1.7619,20.0,65.5,20.71507556210837,
CHD,,,,2.28571,19.0,101.52632,6.8473163544516975,
CHDN,,,,1.25,12.0,135.58333,33.51386509108813,
CHE,,,,2.5,4.0,443.0,5.198166749780339,
CHH,,,,3.0625,15.0,113.33333,-4.817897035357344,
CHRD,,,,1.47059,17.0,163.88235,21.11621461828394,
CHRW,,,,2.0,25.0,190.32,3.9829536141616084,
CHTR,,,,2.89474,15.0,274.13333,52.186382057402994,
CHWY,,,,1.69231,21.0,40.80952,56.83904688700999,
CI,,,,1.41667,24.0,338.29166,22.72952401683355,
CIEN,,,,2.0,18.0,378.1111,-27.398022273425486,
CINF,,,,2.125,6.0,173.33333,5.382617947470817,
CL,,,,2.0,19.0,95.36842,12.662043709391604,
CLF,,,,2.83333,9.0,10.77778,10.428073770491805,
CLH,,,,1.71429,13.0,318.0,2.9159519725557432,
CLVT,,,,2.66667,7.0,3.61429,47.52204081632652,
CLX,,,,3.10526,17.0,115.47059,17.015190514795293,
CMCSA,,,,2.66667,22.0,32.72727,18.74916545718432,
CME,,,,2.6875,15.0,308.8,8.32807128323862,
CMG,,,,1.73684,35.0,43.74286,27.86571178018123,
CMI,,,,2.08696,20.0,643.3635,-2.6313280363223543,
CMS,,,,2.17647,14.0,81.92857,7.419129408679688,
CNA,,,,4.0,1.0,43.0,-10.75134910751349,
CNC,,,,2.75,17.0,43.47059,3.9468914395026333,
CNH,,,,2.0,18.0,13.87778,35.39297560975609,
CNM,,,,2.0,16.0,60.875,22.97979797979798,
CNP,,,,2.11765,16.0,46.125,8.606074876383332,
CNXC,,,,,4.0,41.25,57.623232709209006,
COF,,,,1.6087,21.0,256.5238,34.031976592298456,
COHR,,,,1.66667,20.0,313.5,-6.721413906989191,
COIN,,,,2.02941,29.0,239.94034,20.10829453871952,
COKE,,,,,,,,
COLB,,,,,13.0,31.38462,7.408008213552371,
COLD,,,,2.52941,17.0,14.58824,13.704130943102111,
COLM,,,,2.625,6.0,65.0,7.865914371058749,
COO,,,,2.11765,15.0,91.06667,41.36397081651661,
COP,,,,1.85714,26.0,138.0,13.337713534822598,
COR,,,,1.53846,12.0,402.91666,30.736448294883022,
CORT,,,,,5.0,67.4,46.330872774641776,
COST,,,,1.97222,32.0,1072.1562,6.0333481679276,
COTY,,,,3.05556,15.0,3.1044,28.2809917355372,
CPAY,,,,1.71429,13.0,381.76923,22.00608162091335,
CPB,,,,3.05263,17.0,24.05882,16.677109602327835,
CPNG,,,,1.64706,17.0,27.74118,35.256850316918566,
CPRT,,,,,9.0,42.66667,29.01926217115211,
CPT,39.94,2026-04-30,5.0,2.45833,22.0,114.29545,12.329680589680592,
CR,,,,1.55556,9.0,217.66667,20.872206796979118,
CRCL,,,,2.33333,21.0,128.65,29.088902267710225,
CRH,,,,1.33333,22.0,142.95454,21.147915254237297,
CRL,,,,1.76471,15.0,199.33333,17.393009422850398,
CRM,,,,1.63043,52.0,268.8725,50.91631118096094,
CROX,,,,2.53333,12.0,109.66667,7.180091868647384,
CRS,,,,1.33333,9.0,439.33334,2.7728408346589317,
CRUS,,,,1.85714,6.0,160.0,-8.135729459723253,
CRWD,,,,1.66038,51.0,491.13568,9.59669738691897,
CSCO,,,,1.84615,22.0,89.09,0.0898775418492285,
CSGP,,,,1.8,19.0,59.84211,64.22093852908893,
CSL,,,,2.22222,7.0,386.14285,7.241050351320581,
CSX,,,,1.875,23.0,44.28261,-2.4826910372164686,
CTAS,,,,2.42857,17.0,212.41176,20.75711199545195,
CTRA,,,,1.80952,21.0,37.38095,11.485087980912608,
CTSH,,,,2.17857,26.0,82.59885,49.879967338051166,
CTVA,,,,1.77273,21.0,85.52381,7.172694235588974,
CUBE,,,,2.41176,15.0,42.0,6.221547799696512,
CUZ,,,,1.5,12.0,28.83333,15.796506024096393,
CVNA,,,,1.96,22.0,425.31818,3.9694387405886378,
CVS,,,,1.44444,26.0,96.57692,23.91188093405184,
CVX,,,,1.84,23.0,211.47826,14.182959883375625,
CW,,,,1.875,7.0,727.8571,1.4392568951820792,
CWEN,,,,1.33333,3.0,47.33333,19.589009600808485,
CWEN-A,,,,1.44444,9.0,41.33333,4.509051833122628,
CXT,,,,1.83333,6.0,70.5,56.87583444592791,
CZR,,,,1.77778,18.0,32.83333,16.761486486486472,
D,,,,2.80952,17.0,66.35294,6.028986896772141,
DAL,,,,1.30769,25.0,79.452,16.073046018991956,
DAR,,,,1.16667,12.0,70.16667,16.594666001994014,
DASH,,,,1.62222,42.0,251.55238,42.296854847833465,
DBX,,,,,6.0,25.5,6.161532056619485,
DCI,,,,2.625,5.0,96.4,8.363309352518,
DD,,,,1.5,15.0,55.6,20.008633714655737,
DDOG,,,,1.41667,45.0,177.10556,36.7821748532592,
DDS,,,,,3.0,519.6667,-12.690406586021513,
DE,,,,2.125,23.0,665.09955,18.210498720318505,
DECK,,,,2.36,21.0,128.7619,18.641758039251815,
DELL,,,,1.88889,23.0,185.21739,-14.286922115785094,
DG,,,,2.3,28.0,147.2143,21.95700439068844,
DGX,,,,2.11111,16.0,222.5625,13.396087022978545,
DHI,,,,2.6,14.0,165.42857,3.4575171982489064,
DHR,,,,1.33333,22.0,250.13635,41.12064880112835,
DINO,,,,2.26667,14.0,65.64286,8.932724858944576,
DIS,,,,1.54839,29.0,128.25172,25.001676413255375,
DJT,,,,,,,,
DKNG,,,,1.54286,34.0,34.92059,50.649654874892136,
DKS,,,,2.07692,22.0,238.09091,5.391930414766947,
DLB,,,,,3.0,81.0,26.404494382022474,
DLR,,,,1.66667,29.0,205.48276,2.7413800000000066,
DLTR,,,,2.74074,23.0,125.04348,20.52383614457832,
DOC,,,,2.15,18.0,19.63889,19.53067559342666,
DOCS,,,,1.82609,22.0,37.77273,57.320824656393164,
DOCU,,,,2.63636,18.0,60.16444,30.169710082215488,
DOV,,,,1.90476,21.0,234.05429,4.12594092001068,
DOW,,,,2.44444,15.0,41.13333,6.397646145887234,
DOX,,,,1.8,4.0,90.21,38.12586127698667,
DPZ,,,,2.0,31.0,463.80646,26.09261343555448,
DRI,,,,1.87097,27.0,225.48148,12.146364269372329,
DRS,13.23,2026-05-05,10.0,1.5,10.0,52.0,30.06503251625814,
DT,,,,1.63889,34.0,47.83765,35.55582317937092,
DTE,,,,1.88889,14.0,160.10715,9.005412581699343,
DTM,,,,2.4,14.0,144.92857,7.633546230969181,
DUK,,,,2.21739,18.0,139.72221,9.784088944763097,
DUOL,,,,2.82609,17.0,104.96529,1.4647559207346479,
DV,,,,2.3,18.0,12.86111,18.100183654729104,
DVA,,,,,7.0,151.7143,-0.08936450444516676,
DVN,,,,1.46154,25.0,58.44,21.902377972465583,
DXC,,,,3.125,7.0,14.85714,25.060101010101,
DXCM,,,,1.40741,24.0,86.875,41.09956147474419,
EA,,,,2.7,16.0,205.625,1.4580352296837285,
EBAY,,,,2.67647,30.0,99.93333,2.0352562793547073,
ECG,,,,2.0,4.0,131.5,-3.35146259003381,
ECL,,,,1.81481,21.0,318.9524,18.354076218041488,
ED,,,,3.22222,16.0,111.625,2.3519163763066184,
EEFT,,,,2.0,7.0,86.28571,16.24102115047823,
EFX,,,,1.79167,21.0,230.14285,33.439351771322556,
EG,,,,2.4375,15.0,371.53333,8.198884617624785,
EGP,,,,1.78947,19.0,208.26315,5.25783382189426,
EHC,,,,1.08333,11.0,142.72726,39.956128652676995,
EIX,,,,2.64706,14.0,75.75,10.005808887598027,
EL,,,,2.41667,22.0,96.27273,23.712066306861995,
ELAN,,,,1.52941,14.0,28.78571,26.53059340659341,
ELF,,,,1.70588,15.0,96.13333,45.04123415811708,
ELS,,,,1.77778,18.0,70.47222,11.348111866013578,
ELV,,,,1.95455,21.0,382.1905,10.856972966701473,
EME,,,,1.66667,6.0,887.0,1.965743188872287,
EMN,,,,2.0,15.0,79.73333,10.740736111111104,
EMR,,,,1.96552,27.0,164.16888,16.143530244074995,
ENPH,,,,2.5625,28.0,45.49643,27.191585127201545,
ENTG,,,,2.18182,10.0,145.4,-6.7829208872932325,
EOG,,,,2.21875,29.0,155.34483,16.686569518515743,
EPAM,,,,1.84211,17.0,187.23529,57.367028071944844,
EPR,,,,2.75,9.0,59.05556,6.310639063906395,
EQH,,,,1.23077,13.0,57.46154,39.80909975669099,
EQIX,,,,1.64516,27.0,1110.5925,0.16527472131029095,
EQR,,,,2.4,21.0,69.88095,12.240523610664955,
EQT,,,,1.6,25.0,69.76,18.41792564929555,
ERIE,,,,,,,,
ES,,,,2.5625,12.0,72.66667,5.866360722610716,
ESAB,,,,1.33333,9.0,136.55556,34.829739336492906,
ESI,,,,1.3,10.0,40.1,-0.5949429846306444,
ESS,,,,2.76923,23.0,278.13043,8.912726631945798,
ESTC,,,,1.9,26.0,78.59072,69.37655172413795,
ETN,,,,1.73333,28.0,412.95178,-2.5873325155689826,
ETR,,,,1.8,22.0,117.78273,3.6454857444561775,
ETSY,,,,2.64516,26.0,62.11538,-1.074406752667618,
EVR,,,,2.0,10.0,367.1,6.622131861748478,
EVRG,,,,2.07692,11.0,89.36364,10.01309860888834,
EW,,,,1.7,27.0,96.33333,14.478110516934043,
EWBC,,,,1.625,16.0,134.9375,10.00040759761963,
EXC,,,,2.81818,18.0,50.16667,6.919586530264284,
EXE,,,,1.44444,26.0,132.53847,37.43101410203234,
EXEL,,,,2.14286,18.0,46.88889,4.336648865153552,
EXLS,,,,1.66667,7.0,41.71429,37.21805921052631,
EXP,,,,2.90909,10.0,222.9,6.7733282237976695,
EXPD,,,,3.3125,14.0,139.5,-5.462184873949581,
EXPE,,,,2.18919,34.0,283.70587,12.832433184855235,
EXR,,,,2.38095,20.0,152.0,6.9744528115982805,
F,,,,2.68182,20.0,13.85,11.873990306946679,
FAF,,,,1.4,5.0,82.0,15.704811626922528,
FANG,,,,1.51613,30.0,221.76666,13.849099029724323,
FAST,,,,2.82353,12.0,46.49167,4.031483553367647,
FBIN,,,,2.75,14.0,50.28571,21.053707270101114,
FCN,,,,2.33333,2.0,176.5,-4.195842153829447,
FCNCA,,,,2.58333,12.0,2226.6667,15.255478948621601,
FCX,,,,1.63636,21.0,68.94762,12.936314496314502,
FDS,,,,3.16667,16.0,252.4375,12.634972336248437,
FDX,,,,1.89286,27.0,401.8889,3.584952832620228,
FE,,,,2.23529,14.0,53.28571,7.843978951629235,
FER,,,,,3.0,72.853745,5.447597336807063,
FERG,,,,1.75,22.0,276.04544,4.72530824386358,
FFIV,,,,2.69231,10.0,311.3,2.6850507982583407,
FHB,,,,,9.0,26.88889,1.813290420295342,
FHN,,,,2.31579,19.0,26.84211,10.87199504337051,
FICO,,,,1.85714,20.0,1641.8206,63.410761207102475,
FIGR,,,,2.0,8.0,51.125,59.02021772939348,
FIS,,,,1.96154,21.0,65.28571,42.76341570085283,
FISV,,,,2.63889,28.0,73.71429,21.16089743589744,
FITB,,,,1.71429,20.0,57.295,15.374546919049548,
FIVE,,,,1.8,22.0,261.31818,11.669663689585914,
FIX,,,,1.57143,4.0,1722.25,-0.2242022570852485,
FLEX,,,,1.3,9.0,79.44444,-13.089990154250078,
FLO,,,,2.83333,6.0,10.0,13.636363636363628,
FLS,,,,1.63636,10.0,96.1,15.477048786349428,
FLUT,,,,1.69231,24.0,187.54167,68.09327776283949,
FMC,,,,2.66667,17.0,17.29412,16.223924731182787,
FNB,,,,1.28571,8.0,20.375,16.295662100456624,
FND,,,,2.6087,22.0,70.54545,38.10777212216133,
FNF,,,,1.6,5.0,64.6,23.447353334607293,
FOUR,,,,2.16667,21.0,63.47619,40.15497902406713,
FOX,,,,,,,,
FOXA,,,,2.21053,17.0,71.0,12.967382657120124,
FR,,,,2.0625,15.0,65.8,7.2185106729672475,
FRHC,,,,,,,,
FRMI,,,,1.11111,9.0,23.11111,327.9835185185185,
FRPT,,,,1.61111,16.0,84.4375,27.645502645502635,
FRT,,,,2.10526,19.0,116.05263,4.514256123919297,
FSLR,,,,2.17143,29.0,246.0331,26.978272089182493,
FTAI,,,,1.4,10.0,338.9,45.54434185097701,
FTI,,,,1.95455,21.0,67.85714,-9.23336008560728,
FTNT,,,,2.7619,34.0,89.0,5.525254920559635,
FTV,,,,2.88235,15.0,62.26667,1.9261253887706566,
FWONA,,,,1.0,6.0,107.83333,32.489654748740634,
FWONK,,,,1.4375,16.0,114.0625,28.738713318284432,
G,,,,2.25,11.0,48.18182,40.38991841491842,
GAP,,,,1.84211,17.0,30.56471,22.307763105242113,
GD,,,,2.20833,21.0,393.07382,25.498489831103743,
GDDY,,,,2.11765,15.0,117.66667,36.75810088331007,
GE,,,,1.47619,20.0,350.25,23.067463106113834,
GEHC,,,,1.85,19.0,90.73684,31.82745895685021,
GEN,,,,1.91667,11.0,30.00636,57.59642857142858,
GEV,,,,1.51429,32.0,1105.5334,-3.798901835205669,
GFS,,,,2.38095,20.0,51.29643,-16.98263473053892,
GGG,,,,2.45455,8.0,94.5,15.837215003677374,
GILD,,,,1.7,28.0,158.35715,21.439532208588943,
GIS,,,,3.04762,19.0,40.57895,16.03931941664284,
GL,,,,1.90909,11.0,171.09091,12.146637388568436,
GLIBA,,,,,1.0,68.0,83.78378378378379,
GLIBK,,,,,,,,
GLOB,,,,2.125,23.0,70.13043,63.7031512605042,
GLPI,,,,1.95833,23.0,54.41304,15.013823715916297,
GLW,,,,1.93333,14.0,142.35715,-19.064671101256465,
GM,,,,1.81481,26.0,94.15385,20.63273542600898,
GME,,,,,,,,
GMED,,,,1.85714,12.0,110.08333,16.035975545483293,
GNRC,,,,1.9,15.0,247.4,11.98117050649527,
GNTX,,,,2.11111,9.0,27.88889,16.787646566164156,
GOOG,,,,1.38235,18.0,364.00223,6.333906870764198,
GOOGL,,,,1.37313,55.0,377.29492,9.551370499419285,
GPC,,,,2.22222,7.0,132.42857,21.78459628471585,
GPK,,,,3.1,9.0,11.28889,20.736791443850276,
GPN,,,,2.36364,27.0,96.48148,42.3870720188902,
GRMN,,,,2.75,7.0,262.42856,1.1714252669725196,
GS,,,,2.53846,20.0,936.6,1.0454089393792336,
GTES,,,,1.75,12.0,31.58333,23.71065413239326,
GTLB,,,,2.48148,24.0,30.79167,43.150488145048804,
GTM,,,,2.86364,19.0,9.10526,48.53605220228384,
GWRE,,,,1.75,14.0,227.85715,63.2682358842075,
GWW,,,,2.78947,15.0,1163.4667,1.3481563428252805,
GXO,,,,1.375,16.0,71.5625,27.177003732006387,
H,,,,2.0,23.0,185.22565,12.763697796176801,
HAL,,,,1.85185,25.0,41.32,2.3785926660059484,
HALO,,,,2.11111,9.0,85.22222,30.388953488372085,
HAS,,,,1.5625,15.0,113.46667,19.338104753891454,
HAYW,,,,2.3,7.0,17.35714,13.002213541666679,
HBAN,,,,1.63158,18.0,19.63889,19.74932926829269,
HCA,,,,1.96,21.0,542.6667,25.483674790732096,
HD,,,,1.88889,33.0,408.21213,21.531492452886365,
HEI,,,,1.90909,19.0,354.10526,34.11046053628237,
HEI-A,,,,,1.0,280.0,37.355898945302926,
HHH,,,,2.0,3.0,90.33333,40.99161854221946,
HIG,,,,2.26087,20.0,150.2,11.71439196727408,
HII,,,,2.41667,11.0,407.0909,13.304266748309152,
HIW,,,,2.6,9.0,26.22222,9.762327333612388,
HLI,,,,2.6,8.0,174.5,10.443037974683545,
HLNE,,,,1.57143,7.0,138.14285,45.658846478279216,
HLT,,,,2.16,24.0,339.29166,1.0909811399457687,
HOG,,,,2.625,11.0,22.13636,-4.213067935958458,
HON,,,,2.03846,25.0,251.6988,18.074213069381255,
HOOD,,,,1.96296,24.0,101.14625,19.402963050407273,
HPE,,,,2.17391,19.0,26.43053,-6.141583806818178,
HPQ,,,,3.05882,16.0,19.43125,-1.8127842344618523,
HR,,,,2.54545,11.0,19.18182,2.5217530732228615,
HRB,,,,,2.0,41.0,35.492399206873756,
HRL,,,,2.6,8.0,26.75,24.12993039443155,
HSIC,,,,2.375,14.0,90.0,16.069125612587044,
HST,,,,1.90476,20.0,22.0,5.26315789473685,
HSY,,,,2.68,23.0,224.6087,17.301389179026536,
HUBB,,,,2.13333,13.0,535.7692,-3.128139295206772,
HUBS,,,,1.4,34.0,349.57028,56.53335124485045,
HUM,,,,2.61538,24.0,210.45833,-2.217009710542211,
HUN,,,,3.21429,13.0,12.61538,-7.376064610866368,
HWM,,,,1.43478,21.0,278.66287,14.940962712423692,
HXL,,,,2.35294,15.0,88.86667,-0.5854457993064116,
IAC,,,,1.69231,12.0,48.16667,8.288376798561165,
IBKR,,,,1.7,10.0,85.5,11.589663273296782,
IBM,,,,2.09524,20.0,284.1765,22.500431071644105,
ICE,,,,1.5,15.0,198.8,25.46544651309563,
IDA,,,,1.88889,9.0,152.44444,4.371107763932619,
IDXX,,,,2.13333,14.0,733.4286,29.597052639018965,
IEX,,,,1.93333,14.0,222.7143,8.779085669629774,
IFF,,,,1.68421,17.0,88.41176,24.278549339330898,
ILMN,,,,2.31579,18.0,136.66667,6.871027525805455,
INCY,,,,2.34615,22.0,107.36364,13.43226624405705,
INGM,,,,2.26667,13.0,27.00692,-11.015090609555191,
INGR,,,,2.28571,7.0,126.57143,12.31824474221316,
INSM,,,,1.19048,20.0,212.5,57.20943996448917,
INSP,,,,2.4,12.0,72.25,28.307583022553718,
INTC,,,,2.80851,41.0,55.33049,-32.96524109522657,
INTU,,,,1.47059,32.0,594.1097,50.04664730395252,
INVH,,,,2.25,21.0,30.80952,13.562550681901955,
IONS,,,,1.79167,23.0,98.73913,34.760652381602306,
IOT,,,,,21.0,44.17143,47.434679572763685,
IP,,,,2.08333,10.0,42.7,30.781010719754992,
IPGP,,,,,6.0,144.75,16.218386190285027,
IQV,,,,1.34783,20.0,231.6,42.71629282721222,
IR,,,,2.0625,15.0,98.93333,18.04477985920534,
IRDM,,,,1.88889,8.0,30.375,-22.035420944558524,
IRM,,,,1.72727,11.0,122.72727,5.772015857967769,
ISRG,,,,1.94118,30.0,577.676,19.795114263199373,
IT,,,,2.66667,13.0,183.6923,22.014148123546978,
ITT,,,,1.57143,12.0,235.58333,7.7592763699569955,
ITW,,,,3.38889,16.0,275.875,2.445319172639154,
IVZ,,,,2.25,11.0,27.45455,7.622696981575851,
J,,,,2.0,15.0,155.86667,23.11743285939969,
JAZZ,,,,1.58824,17.0,224.35294,14.16290453897821,
JBHT,,,,2.08333,23.0,230.8261,-7.145862665433045,
JBL,,,,1.6,9.0,302.77777,-11.377793063076249,
JCI,,,,2.13043,21.0,144.09525,1.5327297068771177,
JEF,,,,2.0,6.0,54.0,13.780025284450062,
JHG,,,,2.5,6.0,52.66667,2.1661881668283343,
JHX,,,,1.14286,7.0,29.35714,33.62375967228039,
JKHY,,,,1.6875,14.0,199.35715,31.893582533906706,
JLL,,,,1.91667,10.0,380.5,12.387759924385634,
JNJ,,,,2.12,24.0,252.41667,10.952382417582422,
JPM,,,,2.16,22.0,339.81818,10.230368496172314,
KBR,,,,1.88889,8.0,51.125,45.11779733181949,
KD,,,,2.83333,4.0,14.25,5.011053795136328,
KDP,,,,2.05882,16.0,32.8125,12.294661190965096,
KEX,,,,1.0,6.0,154.0,2.2576361221779586,
KEY,,,,2.10526,19.0,24.92105,15.215210355987066,
KEYS,,,,1.69231,13.0,315.15384,-9.167097071708548,
KHC,,,,3.14286,19.0,24.07895,9.749088422971731,
KIM,,,,2.32,22.0,25.07955,5.8655550865344015,
KKR,,,,1.57143,19.0,122.60684,20.40345674162821,
KLAC,,,,1.93333,29.0,1709.2759,-11.665328165374673,
KMB,,,,2.53333,14.0,114.85714,17.38082779764947,
KMI,,,,2.17391,21.0,35.0,10.270951480781354,
KMPR,,,,2.66667,3.0,54.66667,66.56511273613651,
KMX,,,,3.0,13.0,41.69231,8.942539848445247,
KNSL,,,,3.0,9.0,377.1111,9.282224411730624,
KNX,,,,1.57895,18.0,69.72222,6.935920245398758,
KO,,,,1.70833,23.0,83.6687,9.185306015920666,
KR,,,,2.125,22.0,75.45455,12.233452327829827,
KRC,,,,3.0,14.0,35.14286,10.234818067754077,
KRMN,,,,1.63636,10.0,117.1,66.76160637994872,
KVUE,,,,2.76923,12.0,19.58333,11.968724985706128,
L,,,,,,,,
LAD,,,,1.73333,15.0,364.6,32.62039866142878,
LAMR,,,,,5.0,139.8,4.056568663937489,
LAZ,,,,2.7,8.0,52.375,10.729386892177596,
LBRDA,,,,,,,,
LBRDK,,,,,,,,
LBTYA,,,,2.5,14.0,15.92143,33.79352941176471,
LBTYK,,,,,,,,
LCID,,,,3.0,11.0,12.77273,104.36367999999999,
LDOS,,,,2.125,14.0,199.2143,36.39209913734082,
LEA,,,,2.5,14.0,139.85715,8.990921134663338,
LECO,,,,2.4,9.0,290.44443,11.709396153846157,
LEN,,,,3.36842,14.0,94.0,-0.05316321105794488,
LEN-B,,,,,,,,
LFUS,,,,1.75,4.0,385.0,-5.437932897774718,
LH,,,,1.63158,17.0,310.0588,17.53555724033359,
LHX,,,,1.66667,19.0,392.1579,23.510409120972568,
LII,,,,2.6,17.0,546.1177,11.23239709147198,
LIN,,,,1.7037,25.0,523.8892,2.6629825592788454,
LINE,,,,2.7,19.0,41.36842,11.385083467959072,
LITE,,,,1.6087,23.0,832.04346,-5.625486593167279,
LKQ,,,,1.77778,8.0,40.8125,29.153481012658222,
LLY,,,,1.70968,29.0,1210.5518,36.946445540522184,
LLYVA,,,,,,,,
LLYVK,,,,,1.0,115.0,22.82388123464702,
LMT,,,,2.59091,20.0,668.35,30.168468205278014,
LNC,,,,2.61538,12.0,42.58333,15.183473086286172,
LNG,,,,1.43478,22.0,303.0,17.85755960947529,
LNT,,,,1.91667,11.0,77.09091,6.611685797261778,
LOAR,,,,1.4,5.0,89.2,55.61758548499651,
LOPE,,,,,2.0,213.0,30.283197749097795,
LOW,,,,1.88571,33.0,285.57578,16.823800368173462,
LPLA,,,,1.75,14.0,405.14285,26.405681569997824,
LPX,,,,2.0,12.0,94.75,25.813305005975295,
LRCX,,,,1.57143,31.0,301.58066,12.622548360594537,
LSCC,,,,1.42857,14.0,119.35714,-2.803631921824101,
LSTR,,,,2.94118,14.0,152.7143,-14.694279968718579,
LULU,,,,2.875,24.0,182.58708,26.972934631432526,
LUV,,,,2.6,23.0,44.33913,12.393231939163483,
LVS,,,,1.7,19.0,69.72105,32.02243893202045,
LW,,,,2.45455,11.0,46.36364,4.611101083032483,
LYB,,,,2.88889,17.0,75.82353,8.520867325032203,
LYFT,,,,2.54348,37.0,19.2827,35.41221910112358,
LYV,,,,1.54167,23.0,183.21739,16.96717951991829,
M,,,,2.91667,10.0,19.4,-3.482587064676631,
MA,,,,1.33333,36.0,653.2778,29.57490528988237,
MAA,,,,2.4,24.0,142.27083,13.2188683749801,
MAN,,,,2.41667,9.0,35.94444,21.969596199524947,
MANH,,,,1.75,11.0,188.36365,32.32430628732,
MAR,,,,2.26923,24.0,370.83334,1.0032248399836698,
MAS,,,,2.31818,19.0,80.52632,8.555297923968713,
MASI,,,,3.0,4.0,180.0,0.7669484409113836,
MAT,,,,2.0,14.0,19.14286,31.65653370013755,
MCD,,,,2.16667,33.0,345.0,15.245857830037407,
MCHP,,,,1.57692,24.0,87.08333,-2.634917262969582,
MCK,,,,1.5625,15.0,990.8667,19.653995242177974,
MCO,,,,1.78261,20.0,535.55,17.432299090012044,
MDB,,,,1.64103,36.0,351.0975,38.45084585354313,
MDLN,,,,1.57143,27.0,53.51852,19.567739052725656,
MDLZ,,,,1.85185,25.0,66.32,15.118902968234671,
MDT,,,,1.89655,25.0,109.08,30.916946711473848,
MDU,,,,2.0,7.0,22.14286,1.6193666819642027,
MEDP,,,,2.61538,12.0,489.25,19.17230964096068,
MELI,,,,1.34615,26.0,2457.577,33.91184708100392,
MET,,,,1.88889,16.0,89.0625,14.62355212355212,
META,,,,1.35938,60.0,855.1127,26.67773284150335,
MGM,,,,2.40909,18.0,42.83333,8.329109762266054,
MHK,,,,2.4375,15.0,127.53333,18.371384815296093,
MIDD,,,,1.7,8.0,185.25,30.52208835341365,
MKC,,,,2.13333,13.0,62.69231,21.66176984281001,
MKL,,,,,5.0,2069.4,8.206750503281134,
MKSI,,,,1.75,12.0,300.41666,6.9174531995159665,
MKTX,,,,2.5,11.0,195.45454,19.77115019302654,
MLI,,,,1.0,2.0,149.5,9.910307307748852,
MLM,,,,1.95455,23.0,694.087,12.804648139119134,
MMM,,,,2.11111,17.0,175.02705,19.889752722789225,
MNST,,,,2.07692,23.0,85.46261,9.245315096510282,
MO,,,,2.5,12.0,65.58333,-1.938800837320562,
MOH,,,,2.83333,16.0,150.5625,-14.42395134705013,
MORN,,,,1.66667,3.0,250.0,41.82787768763828,
MOS,,,,2.6,19.0,30.8,28.33333333333334,
MP,,,,1.1875,14.0,77.92857,28.319726658982376,
MPC,,,,2.11111,17.0,245.23529,9.411657892388689,
MPT,,,,3.11111,7.0,5.85714,13.952140077821024,
MPWR,,,,1.375,14.0,1410.4286,-13.579856132740217,
MRK,,,,1.82759,27.0,129.74074,15.94346738159069,
MRNA,,,,2.95652,20.0,46.1,-9.12674945791444,
MRP,,,,,5.0,38.6,25.610152945004884,
MRSH,,,,2.47826,21.0,203.19048,19.453544973544982,
MRVL,,,,1.48837,39.0,128.36064,-21.878984845718467,
MS,,,,2.32,21.0,198.7143,5.659754346785779,
MSA,,,,2.14286,7.0,208.14285,22.54509861642627,
MSCI,,,,1.64706,16.0,682.625,15.17403701766521,
MSFT,,,,1.28571,54.0,577.9991,36.12149686778767,
MSGS,,,,1.875,6.0,378.16666,13.46134413441343,
MSI,,,,1.64286,11.0,505.45456,15.332122484370014,
MSM,,,,3.22222,5.0,88.8,-9.230297454768477,
MSTR,,,,1.26667,14.0,372.5,117.81078236463568,
MTB,,,,2.52381,19.0,233.76315,8.767518146286996,
MTCH,,,,2.4,17.0,36.23529,-1.400571428571431,
MTD,,,,2.07143,13.0,1488.3077,16.05190845647004,
MTDR,,,,1.65,19.0,72.05263,19.17404895798874,
MTG,,,,2.83333,6.0,28.5,-0.454069158225634,
MTN,,,,2.33333,12.0,158.75,33.38094437909596,
MTSI,,,,1.5625,15.0,279.73334,-2.7488040606313406,
MTZ,,,,1.42105,18.0,371.1111,-1.3317292353504155,
MU,,,,1.45238,40.0,533.725,7.449871154775326,
MUSA,,,,2.6,9.0,502.1111,-5.492085301812559,
NBIX,,,,1.44444,27.0,185.09814,44.97034774436089,
NCLH,,,,2.0,22.0,24.65909,33.22036736898972,
NCNO,,,,2.05882,15.0,23.66667,33.8612556561086,
NDAQ,,,,1.70588,15.0,105.93333,17.834627363737475,
NDSN,,,,1.88889,7.0,308.42856,9.232384190395235,
NEE,,,,1.91667,22.0,95.79364,0.5390848026868128,
NEM,,,,1.61905,20.0,141.213,16.995028997514492,
NET,,,,1.91429,31.0,231.85484,11.96930506591974,
NEU,,,,,,,,
NFG,,,,1.8,3.0,102.0,15.67248809253798,
NFLX,,,,1.7,44.0,114.38432,23.738987451319783,
NI,,,,1.6,14.0,50.14286,4.486059595749108,
NIQ,,,,1.64286,13.0,19.23077,66.50017316017315,
NKE,,,,2.23077,33.0,61.68485,38.02830610874916,
NLY,,,,1.92308,11.0,24.27273,6.693318681318678,
NNN,,,,2.88235,15.0,45.43333,3.5635514018691605,
NOC,,,,2.125,22.0,721.7827,25.50341673766757,
NOV,,,,2.52381,20.0,20.65,0.7317073170731638,
NOW,,,,1.42553,44.0,147.35864,63.42313408007099,
NRG,,,,1.64706,17.0,202.4706,26.694574807583997,
NSA,,,,2.84615,11.0,38.59091,-10.93720286175859,
NSC,,,,2.57143,18.0,313.77777,-1.8555034249788886,
NTAP,,,,2.4,15.0,117.13333,7.7484408058136385,
NTNX,,,,2.05556,15.0,54.678,34.80769230769229,
NTRA,,,,1.42105,18.0,258.0,26.625766871165645,
NTRS,,,,2.93333,13.0,166.73077,1.6589049448204476,
NU,,,,1.38095,21.0,19.87143,36.94989662301861,
NUE,,,,1.66667,13.0,192.55154,-10.1444117784311,
NVDA,,,,1.28814,56.0,268.6148,28.974312190906033,
NVR,,,,2.71429,6.0,7070.0,8.703172687366912,
NVST,,,,2.13333,13.0,28.53846,6.486791044776119,
NVT,,,,1.26667,13.0,144.53847,1.6659421818949163,
NWL,,,,2.55556,8.0,4.71875,11.554373522458619,
NWS,,,,1.75,,,,
NWSA,,,,1.75,8.0,33.925,29.484732824427475,
NXPI,,,,1.71875,31.0,258.8387,6.064046877561066,
NXST,,,,1.375,8.0,261.25,28.201982530179603,
NYT,,,,1.9,9.0,74.11111,-8.3803807640005,
O,,,,2.58333,20.0,68.3,7.847781462182218,
OC,,,,1.88889,16.0,137.75,9.664835602260966,
ODFL,,,,2.6,24.0,202.625,-7.889353577597959,
OGE,,,,2.76923,11.0,49.04545,4.1304670912951185,
OGN,,,,3.375,7.0,9.0,-20.071047957371224,
OHI,,,,2.33333,16.0,49.375,6.388709329885808,
OKE,,,,2.0,21.0,93.42857,6.775508571428563,
OKTA,,,,1.68889,43.0,100.27558,31.976283232429587,
OLED,,,,1.625,8.0,140.375,41.74997475512471,
OLLI,,,,1.46667,15.0,138.53333,53.499534626038795,
OLN,,,,2.85714,14.0,26.78571,0.058685095255891336,
OMC,,,,2.09091,10.0,100.9,33.21890678637446,
OMF,,,,1.9375,14.0,68.0,14.401076716016156,
ON,,,,2.41176,29.0,70.7931,-28.05579268292684,
ONON,,,,1.62963,26.0,56.390995,55.56136551724137,
ONTO,,,,1.14286,7.0,334.2857,8.58367439745339,
ORCL,,,,1.62791,38.0,243.70763,40.64383079409048,
ORI,,,,2.33333,2.0,42.5,5.224065362713541,
ORLY,,,,1.62963,24.0,105.66667,13.461473209492109,
OSK,,,,2.0,17.0,170.90646,13.687527439632804,
OTIS,,,,2.4375,14.0,97.5,25.080179602309165,
OVV,,,,1.68,23.0,68.52174,22.953059393504393,
OWL,,,,1.86667,15.0,13.4,45.96949891067539,
OXY,,,,2.68,24.0,63.375,10.950630252100845,
OZK,,,,2.5,9.0,52.33333,10.24506003791868,
PAG,,,,2.0,9.0,177.22221,10.4738872958484,
PANW,,,,1.625,50.0,206.1408,15.459168813711225,
PATH,,,,2.78947,16.0,13.805,33.12439729990358,
PAYC,,,,2.42857,17.0,151.5294,22.4776915615907,
PAYX,,,,3.26316,15.0,100.93333,12.37289022489424,
PB,,,,2.35714,13.0,77.38462,12.70699096999709,
PCAR,,,,2.35,17.0,127.96235,0.7577559055118116,
PCG,,,,1.61111,16.0,22.84375,37.530102347983146,
PCOR,,,,1.77273,18.0,71.0,28.158844765342966,
PCTY,,,,1.59091,21.0,165.09525,61.5571484489676,
PDD,,,,1.68571,33.0,142.52147,45.38556564317045,
PEG,,,,2.27273,18.0,90.36111,11.916162992321034,
PEGA,,,,1.41667,11.0,58.18182,55.8580766139834,
PEN,,,,2.64706,14.0,365.7857,10.881111885780118,
PENN,,,,2.15,18.0,19.61111,13.753538283062655,
PEP,,,,2.56522,21.0,172.0,10.653628409675761,
PFE,,,,2.44828,27.0,28.92852,7.1426666666666625,
PFG,,,,2.83333,12.0,94.0,-5.375478155828471,
PFGC,,,,1.38462,12.0,117.83333,30.5198604342047,
PG,,,,2.08333,22.0,163.27274,10.185409636928053,
PGR,,,,2.625,21.0,230.14285,14.56162576534423,
PH,,,,1.69231,24.0,1034.8275,6.193879750017966,
PHM,,,,2.1875,14.0,135.2143,6.000548761367205,
PINS,,,,2.07692,37.0,23.15676,16.248795180722876,
PK,,,,2.66667,16.0,12.3125,9.93303571428572,
PKG,,,,2.09091,10.0,224.4,5.416451355287265,
PLD,,,,2.04348,20.0,148.25,4.327938071780441,
PLNT,,,,1.42105,18.0,111.72222,60.4743177247917,
PLTR,,,,1.96552,25.0,186.4672,30.314627157732886,
PM,,,,1.875,15.0,192.6,17.29598051157126,
PNC,,,,1.77273,20.0,253.325,15.221049758937493,
PNFP,,,,1.77778,18.0,111.97222,16.832449916527533,
PNR,,,,2.0,19.0,110.0,19.891008174386922,
PNW,,,,2.61111,14.0,105.85714,3.4771652003910107,
PODD,,,,1.5,23.0,333.30435,75.83052859253007,
POOL,,,,2.35714,10.0,259.9,11.760911631907103,
POST,,,,1.75,7.0,122.42857,18.1172889532079,
PPC,,,,2.5,7.0,42.85714,27.43722866488254,
PPG,,,,2.26087,20.0,122.1,11.202185792349724,
PPL,,,,1.6875,15.0,42.13333,8.731174193548389,
PR,,,,1.54545,20.0,25.1,22.439024390243908,
PRGO,,,,2.4,4.0,17.0,43.82402707275803,
PRI,,,,2.25,6.0,293.33334,4.773132835660961,
PRMB,,,,1.69231,12.0,26.08333,27.859460784313733,
PRU,,,,3.16667,15.0,100.33333,6.499660333297963,
PSA,,,,2.42105,16.0,312.5,1.365597327191923,
PSKY,,,,3.45,15.0,12.93333,17.897265268915213,
PSN,,,,1.84615,10.0,74.8,39.94387277829746,
PSTG,,,,1.85714,19.0,89.89474,32.588112094395285,
PSX,,,,2.3,19.0,179.52632,10.24029474976973,
PTC,,,,1.84211,19.0,186.21053,35.75164394546914,
PVH,,,,2.07692,12.0,96.25,2.787270397266125,
PWR,,,,1.7037,24.0,600.6742,-3.8675180846296633,
PYPL,,,,2.81818,34.0,52.84971,4.694354199683053,
Q,,,,1.375,8.0,140.5,-2.7547065337762944,
QCOM,,,,2.72222,29.0,150.10345,0.8420893516963488,
QGEN,,,,2.3125,14.0,53.96214,40.489820359281445,
QRVO,,,,2.7619,15.0,88.93333,1.2908086560364473,
QS,,,,3.44444,8.0,7.1625,-0.7963988919667606,
QSR,,,,1.80645,28.0,81.89286,1.2272682323856527,
QXO,,,,1.1875,15.0,32.33333,54.18850739151168,
R,,,,1.8,9.0,234.22221,-7.546297465856167,
RAL,,,,2.08333,11.0,48.09091,7.754671745462689,
RARE,,,,1.45,20.0,53.4,121.57676348547717,
RBA,,,,1.72727,11.0,125.18182,17.26634192037471,
RBC,,,,1.88889,7.0,598.7143,1.5613475598378297,
RBLX,,,,1.72222,35.0,101.34114,80.67594936708858,
RBRK,,,,1.18519,25.0,85.4,63.35118592195869,
RCL,,,,1.69231,24.0,346.875,30.48262112548903,
RDDT,,,,1.93548,31.0,225.59677,45.64966750597198,
REG,,,,2.0,19.0,82.84211,3.307282703579009,
REGN,,,,1.62069,28.0,878.3061,16.86284710672325,
REXR,,,,2.41176,16.0,40.9375,15.414434733577675,
REYN,,,,2.42857,7.0,25.14286,19.386799620132955,
RF,,,,2.59091,20.0,30.69,10.554755043227663,
RGA,,,,2.2,9.0,248.44444,18.83313722676615,
RGEN,,,,1.52381,18.0,179.77779,52.87227040816328,
RGLD,,,,1.83333,12.0,336.66666,33.40729909652875,
RH,,,,2.65,17.0,158.58824,15.328514289869846,
RHI,,,,3.09091,9.0,30.0,17.141741507223742,
RITM,,,,1.4,8.0,14.0625,38.8203356367226,
RIVN,,,,2.57692,25.0,18.16,9.927360774818405,
RJF,,,,2.42857,12.0,173.16667,12.870988137139893,
RKLB,,,,1.76471,15.0,87.562,9.892068273092356,
RKT,,,,2.2,13.0,20.59231,32.00198717948719,
RL,,,,1.63158,16.0,411.2625,10.780761771360838,
RLI,,,,2.875,4.0,58.0,9.827684150729024,
RMD,,,,2.16667,15.0,292.33334,32.969451899022076,
RNG,,,,,15.0,37.46667,-8.394449877750606,
RNR,,,,2.76471,15.0,326.46667,5.5228747818217165,
ROIV,,,,1.30769,12.0,35.66667,30.12283838015324,
ROK,,,,2.17857,25.0,421.5684,5.0821077820429705,
ROKU,,,,1.5,27.0,128.0,11.091824336052769,
ROL,1.32,2026-07-29,95.0,2.05556,16.0,62.99375,11.296378091872786,
ROP,,,,2.4,16.0,456.2544,29.104244482173176,
ROST,,,,1.66667,16.0,229.8125,1.5207403807925057,
RPM,,,,1.42857,14.0,128.07143,21.996027814821858,
RPRX,,,,1.6,9.0,52.44444,6.205832320777638,
RRC,,,,2.70833,23.0,46.6087,10.029981114258733,
RRX,,,,1.4,9.0,242.44444,14.225884570082442,
RS,,,,2.5,8.0,330.75,-5.95143312101911,
RSG,,,,1.92593,24.0,245.375,16.962200295533634,
RTX,,,,2.13043,22.0,215.06409,23.415637553081606,
RVMD,,,,1.19048,20.0,172.95,27.82705099778269,
RVTY,,,,2.1875,14.0,113.92857,31.299492912296877,
RYAN,,,,2.0,17.0,48.58824,40.387864778965614,
RYN,,,,2.33333,6.0,26.33333,23.45677449601501,
S,,,,1.78378,34.0,18.55882,30.32879213483146,
SAIA,,,,2.45,20.0,397.05,-10.259018171955518,
SAIC,,,,2.8,9.0,109.77778,14.818303524735915,
SAIL,,,,1.6087,23.0,18.97826,58.81389121338913,
SAM,,,,3.13333,13.0,236.16154,-0.10087140439932463,
SARO,,,,1.57143,14.0,36.96429,50.628728606356965,
SATS,,,,2.16667,5.0,129.6,10.297872340425528,
SBAC,,,,2.19048,20.0,231.4,5.435822663689802,
SBUX,,,,2.41026,34.0,100.97059,2.3316002837741965,
SCCO,,,,3.6875,15.0,162.93846,-9.694363465055709,
SCHW,,,,1.68182,20.0,115.0,29.943502824858758,
SCI,,,,,6.0,98.33333,12.086321668756412,
SEB,,,,,,,,
SEIC,,,,1.875,7.0,104.0,17.06438541197658,
SF,,,,2.375,8.0,87.25,13.03277626635575,
SFD,,,,1.57143,7.0,31.07143,5.8651788756388346,
SFM,,,,2.25,14.0,92.14286,26.292297149122817,
SGI,,,,1.33333,8.0,102.125,29.17404502909183,
SHC,,,,1.7,8.0,20.5,31.57894736842105,
SHOP,,,,1.76,45.0,159.24445,26.555233251211956,
SHW,,,,2.0,21.0,379.90475,12.497705063665974,
SIRI,,,,3.14286,13.0,25.92308,-2.5814355505449105,
SITE,,,,2.08333,11.0,169.09091,16.542084223585363,
SJM,,,,2.2,16.0,118.125,22.95721869470179,
SLB,,,,1.62069,28.0,56.36071,0.3752626892252873,
SLGN,,,,1.5,12.0,53.91667,38.17701178882624,
SLM,,,,2.0,11.0,28.18182,18.261938732689888,
SMCI,,,,2.88889,15.0,33.2,14.167812929848711,
SMG,,,,1.875,6.0,74.5,10.863095238095234,
SMMT,,,,1.70588,14.0,31.098402,40.844211956521754,
SN,,,,1.25,11.0,148.91908,28.66690858821498,
SNA,,,,2.6,8.0,377.0625,-0.35872839701918924,
SNDK,,,,1.65,20.0,928.05,-6.248105869279728,
SNDR,,,,2.3125,14.0,28.71429,-5.170772787318371,
SNOW,,,,1.43137,47.0,232.73701,65.86160917901938,
SNPS,,,,1.76,26.0,534.6481,6.754542550217645,
SNX,,,,1.63636,11.0,211.27274,-7.218505994466649,
SO,,,,2.58333,19.0,101.86842,8.96183549042679,
SOFI,,,,2.70833,20.0,23.525,27.57592190889369,
SOLS,,,,2.33333,6.0,83.83333,3.1160270602706106,
SOLV,,,,2.5,12.0,84.66667,23.564900758902514,
SON,,,,1.90909,9.0,61.77778,27.508317853457164,
SPG,,,,2.19048,20.0,208.55,3.6736925830185,
SPGI,,,,1.29167,21.0,534.0476,22.266443828842228,
SPOT,,,,1.60976,39.0,642.3946,24.01440154440154,
SRE,,,,1.68421,17.0,104.41176,12.02978540772532,
SRPT,,,,2.76,23.0,21.78261,7.303497536945801,
SSB,,,,,13.0,116.53846,22.853109846088977,
SSD,,,,2.0,5.0,210.2,15.768023351875307,
SSNC,,,,1.77778,9.0,95.33333,41.67533065834447,
ST,,,,2.0,12.0,43.16667,3.5420244662988862,
STAG,,,,2.54545,11.0,41.36364,6.44271744724652,
STE,,,,2.125,7.0,279.2857,25.917808836789902,
STLD,,,,1.81818,11.0,222.5209,-1.8824022223201995,
STT,,,,2.125,14.0,156.75,3.9869974791030853,
STWD,,,,2.0,7.0,20.57143,12.967764964305317,
STX,,,,1.54167,22.0,532.56506,-9.157345842217481,
STZ,,,,2.04348,22.0,177.54546,13.811192307692302,
SUI,,,,1.94444,18.0,142.83333,10.015658938612013,
SW,,,,1.33333,14.0,54.53571,36.47575075075075,
SWK,,,,2.44444,14.0,89.225,16.420929018789135,
SWKS,,,,2.72,19.0,66.94737,5.1804713275726755,
SYF,,,,1.82609,22.0,89.18182,16.88311926605505,
SYK,,,,1.75862,27.0,419.11334,27.96963146163476,
SYY,,,,2.0,15.0,88.06667,15.029610762800417,
T,,,,1.92,23.0,30.43478,16.163282442748095,
TAP,,,,2.7619,21.0,46.71429,10.07137134778511,
TDC,,,,3.0,10.0,34.5,30.533484676503974,
TDG,,,,1.78261,21.0,1537.1428,33.87646536257381,
TDY,,,,1.69231,13.0,717.9231,10.674461984337428,
TEAM,,,,1.57576,31.0,147.08646,105.57157232704401,
TECH,,,,1.64286,11.0,72.27273,33.38143397619266,
TEL,,,,1.57895,19.0,265.0,23.445288116644157,
TEM,,,,2.05882,15.0,72.4,38.91020721412128,
TER,,,,1.83333,17.0,344.58823,-17.578398871029464,
TFC,,,,2.2381,19.0,55.52632,9.454602799132667,
TFSL,,,,,2.0,14.5,-1.226158038147137,
TFX,,,,2.81818,9.0,132.77779,-2.769632396016397,
TGT,,,,2.54054,32.0,125.1875,-3.1506266439733803,
THC,,,,1.45455,21.0,262.90475,45.40387699795364,
THG,,,,2.125,8.0,198.125,11.594570237692919,
THO,,,,2.55556,12.0,105.5,33.54430379746836,
TIGO,,,,2.22222,8.0,75.8375,-9.781703545086838,
TJX,,,,1.45,18.0,171.77779,9.391702222505259,
TKO,,,,1.63636,18.0,236.5,26.80965147453083,
TKR,,,,2.33333,11.0,113.63636,6.004067164179099,
TLN,,,,1.5,15.0,471.37067,29.38369290733422,
TMO,,,,1.34615,24.0,639.875,36.22767239360457,
TMUS,,,,1.68966,26.0,268.34616,41.38364594309799,
TNL,,,,1.5,12.0,86.25,28.119429590017837,
TOL,,,,1.88889,15.0,169.8,15.793780687397726,
TOST,,,,1.82759,25.0,36.36,25.206611570247933,
TPG,,,,1.9375,16.0,56.4375,29.38445667125173,
TPL,,,,,2.0,445.5,1.5014467658517634,
TPR,,,,1.95238,19.0,160.57895,10.068510521625887,
TREX,,,,2.1,20.0,48.1,14.797136038186165,
TRGP,,,,1.40909,21.0,265.09525,10.139702521916167,
TRI,,,,1.77778,11.0,125.40909,39.731576601671314,
TRMB,,,,1.30769,12.0,90.58333,34.496406829992594,
TROW,,,,3.38462,12.0,94.25,-4.855643044619424,
TRU,,,,1.72727,21.0,92.28571,27.09779644677041,
TRV,,,,2.59259,22.0,312.9091,3.362435173256699,
TSCO,,,,2.03333,27.0,48.40741,31.75669569951006,
TSLA,,,,2.39583,40.0,419.004,11.348392240233858,
TSN,,,,2.4,13.0,68.53846,7.041168202405122,
TT,,,,2.23077,23.0,485.6239,-0.1636651453476469,
TTC,,,,2.2,4.0,110.5,16.03486296335188,
TTD,,,,2.24324,33.0,30.60606,27.684856070087616,
TTEK,,,,1.85714,6.0,41.16667,31.77551216389246,
TTWO,,,,1.25,28.0,277.09644,31.48111032028468,
TW,,,,2.4,14.0,135.2143,19.352370023832645,
TWLO,,,,1.68966,28.0,148.01643,2.9393073231796527,
TXN,,,,2.34286,32.0,266.03125,-4.008353178898747,
TXRH,,,,2.16667,25.0,194.68,21.84253348353987,
TXT,,,,2.41176,16.0,99.38938,12.993838108231026,
TYL,,,,1.63636,21.0,438.7143,28.267783527760727,
U,,,,1.88889,24.0,31.99567,23.012956555171083,
UA,,,,,,,,
UAA,,,,,19.0,7.73158,24.70290322580645,
UAL,,,,1.34615,24.0,129.25,38.97849462365591,
UBER,,,,1.54545,52.0,103.46462,38.61819399785637,
UDR,,,,2.45455,21.0,40.52381,16.54820247339659,
UGI,,,,1.0,2.0,44.5,20.53087757313109,
UHAL,,,,,2.0,75.45,43.468339988590984,
UHAL-B,,,,1.0,1.0,78.0,59.607120933087785,
UHS,,,,2.31579,17.0,247.35294,41.871488385431604,
UI,,,,3.0,2.0,753.5,-27.080409936806245,
ULTA,,,,1.92593,24.0,676.2083,21.064953898487165,
UNH,,,,1.67857,26.0,383.76923,8.128375408542764,
UNM,,,,1.76923,13.0,93.38462,20.527387712958177,
UNP,,,,1.79167,23.0,275.43478,2.506430963900261,
UPS,,,,2.24138,27.0,112.55556,5.172453746963188,
URI,,,,1.66667,20.0,977.5185,0.3190135569216294,
USB,,,,2.04545,20.0,62.95,13.260165527168056,
USFD,,,,1.46667,15.0,109.33333,17.31043991416309,
UTHR,,,,1.66667,13.0,644.0769,13.561763876154886,
UWMC,,,,2.44444,7.0,6.53571,72.90238095238097,
V,,,,1.33333,36.0,392.63916,26.895210393639708,
VEEV,,,,1.90323,29.0,265.82758,64.97708682430337,
VFC,,,,2.82609,20.0,20.65,4.34562910560889,
VGNT,,,,1.4,5.0,41.6,18.993135011441648,
VICI,,,,1.79167,23.0,34.30435,20.704961294862763,
VIK,,,,1.68421,19.0,85.21053,4.143889024688356,
VIRT,,,,2.57143,7.0,48.85714,0.6740984957758087,
VKTX,,,,1.47368,18.0,92.72222,183.12128244274808,
VLO,,,,2.26316,18.0,245.11111,3.9266949332202685,
VLTO,,,,1.94737,17.0,108.94118,22.93069284585872,
VMC,,,,1.72727,22.0,323.5,10.761118909850381,
VMI,,,,1.8,3.0,527.0,5.62815681872845,
VNO,,,,2.61538,13.0,32.46154,10.790238907849826,
VNOM,,,,1.22222,17.0,56.23529,18.215871347487912,
VNT,,,,,11.0,47.90909,32.49195243362833,
VOYA,,,,2.25,11.0,83.22727,3.580920970752968,
VRSK,,,,2.26316,17.0,223.88235,26.066980122754657,
VRSN,,,,,4.0,280.75,4.2904903417533475,
VRT,,,,1.61538,25.0,324.44,0.302974092623514,
VRTX,,,,1.60606,29.0,548.4483,27.460154779334868,
VSNT,,,,2.66667,5.0,40.4,4.284976768198236,
VST,,,,1.4,19.0,233.94737,42.3470459385458,
VTR,,,,1.52381,20.0,93.1,11.337000717531678,
VTRS,,,,2.09091,9.0,15.72222,7.7602467443454435,
VVV,,,,1.6,15.0,41.73333,25.589316882335254,
VZ,,,,2.24,22.0,51.58182,11.215653298835699,
W,,,,2.06452,29.0,104.93103,33.19501142421935,
WAB,,,,1.45455,11.0,297.0909,11.24500112334306,
WAL,,,,1.8,15.0,89.2,12.286002014098697,
WAT,,,,1.95455,22.0,385.5,24.407009391034947,
WBD,,,,3.14286,13.0,29.59615,9.331917251570008,
WBS,,,,,12.0,73.75,2.701573596992059,
WCC,,,,1.72727,11.0,317.0909,0.12975243147655982,
WDAY,,,,1.92857,38.0,179.21712,49.64689378757514,
WDC,,,,1.52,23.0,354.9565,-12.1394801980198,
WEC,,,,2.35,18.0,125.08333,9.147757417102975,
WELL,,,,1.65,20.0,229.25,9.820359281437126,
WEN,,,,3.14815,22.0,7.95455,11.408263305322137,
WEX,,,,2.46154,9.0,179.33333,19.19795945496843,
WFC,,,,1.88,23.0,96.73913,21.80701334676404,
WFRD,,,,1.83333,12.0,112.25,3.418094711627044,
WH,,,,1.64706,17.0,99.82353,16.236061946902666,
WHR,,,,3.0,11.0,69.90909,29.942546468401503,
WING,,,,1.5,30.0,281.06668,48.421967576701704,
WLK,,,,2.21429,14.0,121.28571,9.621936008676785,
WM,,,,1.75,25.0,254.72,10.974600270117195,
WMB,,,,1.56,23.0,79.68217,10.393696314768624,
WMS,,,,1.4,10.0,190.3,25.22208330591565,
WMT,,,,1.45238,41.0,136.56097,5.111584051724146,
WPC,,,,2.71429,12.0,74.83333,2.343175601750546,
WRB,,,,3.22222,16.0,67.375,1.2701037126108505,
WSC,,,,2.4,10.0,23.45,3.4863195057369776,
WSM,,,,2.27273,19.0,206.78947,8.52241931251639,
WSO,,,,2.8,12.0,415.41666,-5.72425108932462,
WST,,,,1.53333,12.0,324.33334,5.9358962633916885,
WTFC,,,,1.75,12.0,174.41667,17.920809951997846,
WTM,,,,,,,,
WTRG,,,,2.85714,5.0,41.2,4.251012145748987,
WTW,,,,1.85714,19.0,362.3684,25.94043026448406,
WU,,,,3.52941,13.0,9.61538,8.037977528089883,
WWD,,,,1.45455,10.0,431.0,18.098369639676672,
WY,,,,1.75,11.0,31.54545,26.030563324011176,
WYNN,,,,1.21053,18.0,139.83333,32.33020724898267,
XEL,,,,1.42105,18.0,91.05556,15.041768793430188,
XOM,,,,2.36,22.0,164.40909,10.408360754818343,
XP,,,,1.69231,13.0,25.260178,27.964427558257356,
XPO,,,,1.79167,23.0,207.78261,-7.107202253218885,
XRAY,,,,2.82353,15.0,14.1,18.38790931989924,
XYL,,,,1.95652,17.0,154.0,26.79071299193151,
XYZ,,,,1.6,40.0,86.154,20.27642049420634,
YETI,,,,2.0,15.0,50.0,25.125125125125123,
YUM,,,,2.24138,24.0,172.04167,7.338201896680814,
Z,,,,2.57143,6.0,71.83333,58.188350583571925,
ZBH,,,,2.62963,21.0,102.95238,12.812163050624589,
ZBRA,,,,1.77778,16.0,326.56375,43.41212507136271,
ZG,,,,2.07407,23.0,73.47826,61.03059390751698,
ZION,,,,2.42857,20.0,67.9,10.694489729377246,
ZM,,,,2.03571,27.0,97.33333,5.762610018472239,
ZS,,,,1.52083,45.0,229.45222,69.33743173431736,
ZTS,,,,1.95,17.0,150.29411,28.599392487379127,
