Rank,Ticker,Name,Sector,Industry,Index,AI_Score,Technical,Fundamental,Sentiment,RSI_Sentiment,Analyst_Sentiment,Upside_Sentiment,News_Sentiment,Sentiment_Source,Risk,RSI,MACD_Hist,Above_SMA50,Above_SMA200,Golden_Cross,Short_Interest,Insider_Buying,MarketCap
1,GOOGL,Alphabet Inc. (Class A),Communication Services,Internet Content & Information,SP500,8.48,8.29,8.91,8.52,8.26,9.07,8.76,,rsi+analyst+upside,7.57,63.03,2.0088,1,1,0,,False,4325483479040.0
2,GOOG,Alphabet Inc. (Class C),Communication Services,Internet Content & Information,SP500,8.47,8.23,8.91,8.66,8.48,9.06,8.77,,rsi+analyst+upside,7.48,63.94,1.9201,1,1,0,,False,4271610527744.0
3,GEV,GE Vernova,Industrials,Specialty Industrial Machinery,SP500,8.15,7.08,8.61,7.89,6.94,8.65,10.0,,rsi+analyst+upside,9.06,57.75,4.3392,0,1,0,,False,253821239296.0
4,VLO,Valero Energy,Energy,Oil & Gas Refining & Marketing,SP500,8.14,8.48,8.8,7.32,9.46,6.75,1.5,,rsi+analyst+upside,6.06,67.83,0.8262,1,1,0,,False,111502786560.0
5,ADI,Analog Devices,Technology,Semiconductors,SP500,8.05,8.23,7.94,8.76,8.51,9.04,9.21,,rsi+analyst+upside,7.57,64.05,2.3268,1,1,0,,False,187211874304.0
6,CSCO,Cisco,Technology,Communication Equipment,SP500,8.04,7.35,8.21,6.83,5.64,7.95,9.28,,rsi+analyst+upside,9.71,52.55,0.3297,0,1,0,,False,415824642048.0
7,EXPD,Expeditors International,Industrials,Integrated Freight & Logistics,SP500,8.02,7.18,8.78,5.32,6.26,4.56,3.27,,rsi+analyst+upside,9.21,55.02,-0.3191,1,1,0,,False,24631924736.0
8,NTAP,NetApp,Technology,Software - Infrastructure,SP500,8.01,8.24,8.51,7.08,7.92,6.75,4.9,,rsi+analyst+upside,6.67,61.7,0.7397,1,1,0,,False,37846011904.0
9,HPE,Hewlett Packard Enterprise,Technology,Communication Equipment,SP500,8.01,8.37,8.33,7.72,8.13,7.39,6.83,,rsi+analyst+upside,6.54,62.53,0.5424,1,1,0,,False,81625817088.0
10,DELL,Dell Technologies,Technology,Computer Hardware,SP500,8.0,8.31,8.33,8.19,9.32,7.93,5.07,,rsi+analyst+upside,6.23,67.28,5.5445,1,1,0,,False,351591727104.0
11,KEYS,Keysight Technologies,Technology,Scientific & Technical Instruments,SP500,7.99,8.13,7.9,8.08,7.62,8.54,8.98,,rsi+analyst+upside,7.91,60.47,1.682,1,1,0,,False,58693582848.0
12,INCY,Incyte,Healthcare,Biotechnology,SP500,7.95,6.85,8.95,5.83,5.68,6.79,5.32,,rsi+analyst+upside,8.58,52.73,-0.3011,1,1,0,,False,25724370944.0
13,AME,Ametek,Industrials,Specialty Industrial Machinery,SP500,7.93,8.32,7.37,7.36,6.9,8.25,7.85,,rsi+analyst+upside,9.18,57.61,0.4759,1,1,0,,False,56485388288.0
14,C,Citigroup,Financial Services,Banks - Diversified,SP500,7.93,6.88,8.48,7.49,7.11,8.21,7.93,,rsi+analyst+upside,8.67,58.44,-0.3238,1,1,0,,False,223015223296.0
15,EBAY,eBay Inc.,Consumer Cyclical,Internet Retail,SP500,7.93,8.28,8.14,6.79,7.41,6.09,5.65,,rsi+analyst+upside,7.34,59.63,0.7772,1,1,0,,False,48745299968.0
16,AAPL,Apple Inc.,Technology,Consumer Electronics,SP500,7.91,8.36,7.66,8.27,10.0,6.99,4.38,,rsi+analyst+upside,7.5,70.71,1.6039,1,1,0,,False,4976484024320.0
17,PSX,Phillips 66,Energy,Oil & Gas Refining & Marketing,SP500,7.87,6.93,8.9,7.21,8.58,7.25,3.06,,rsi+analyst+upside,7.09,64.34,-0.3887,1,1,0,,False,104192983040.0
18,FTNT,Fortinet,Technology,Software - Infrastructure,SP500,7.8,8.34,7.43,5.6,6.08,5.57,4.19,,rsi+analyst+upside,9.27,54.3,1.4746,1,1,0,,False,127849603072.0
19,ROST,Ross Stores,Consumer Cyclical,Apparel Retail,SP500,7.8,7.28,7.99,6.99,6.21,8.12,8.19,,rsi+analyst+upside,8.82,54.82,0.2881,0,1,0,,False,74863894528.0
20,FFIV,"F5, Inc.",Technology,Software - Infrastructure,SP500,7.77,8.64,7.04,8.12,9.77,6.15,5.16,,rsi+analyst+upside,7.94,69.08,5.4162,1,1,0,,False,25485346816.0
21,SNDK,Sandisk,Technology,Computer Hardware,SP500,7.77,7.87,7.28,8.22,8.11,8.65,8.1,,rsi+analyst+upside,8.75,62.46,10.8105,1,1,0,,False,276072300544.0
22,GDDY,GoDaddy,Technology,Software - Infrastructure,SP500,7.76,7.93,7.49,6.79,7.03,6.53,6.32,,rsi+analyst+upside,8.89,58.12,0.06,1,1,0,,False,12788885504.0
23,MSFT,Microsoft,Technology,Software - Infrastructure,SP500,7.73,6.86,8.26,5.88,4.21,9.09,7.67,,rsi+analyst+upside,9.15,46.86,-2.6157,1,1,0,,False,3687451721728.0
24,EME,Emcor,Industrials,Engineering & Construction,SP500,7.7,6.01,8.57,7.25,6.56,,10.0,,rsi+upside,8.73,56.25,0.9871,0,0,0,,False,33336940544.0
25,MPC,Marathon Petroleum,Energy,Oil & Gas Refining & Marketing,SP500,7.7,7.12,8.77,7.22,9.12,6.97,1.78,,rsi+analyst+upside,5.99,66.49,-0.0662,1,1,0,,False,111532367872.0
26,TEL,TE Connectivity,Technology,Electronic Components,SP500,7.7,7.05,7.93,7.07,6.21,8.19,8.53,,rsi+analyst+upside,8.73,54.82,0.3198,1,0,0,,False,61472342016.0
27,JPM,JPMorgan Chase,Financial Services,Banks - Diversified,SP500,7.68,5.66,9.11,4.87,3.65,7.19,6.23,,rsi+analyst+upside,9.34,44.61,-0.9459,0,1,0,,False,905174319104.0
28,APH,Amphenol,Technology,Electronic Components,SP500,7.67,6.78,8.09,7.14,5.74,8.82,9.67,,rsi+analyst+upside,8.5,52.94,-0.2219,1,1,0,,False,203347574784.0
29,AMZN,Amazon,Consumer Cyclical,Internet Retail,SP500,7.66,6.86,8.45,6.6,4.63,9.21,9.89,,rsi+analyst+upside,7.64,48.5,-0.2449,1,1,0,,False,2759025754112.0
30,TMO,Thermo Fisher Scientific,Healthcare,Diagnostics & Research,SP500,7.63,8.56,6.9,8.22,9.22,8.71,4.76,,rsi+analyst+upside,7.58,66.87,2.9447,1,1,0,,False,242837094400.0
31,WST,West Pharmaceutical Services,Healthcare,Medical Instruments & Supplies,SP500,7.62,8.42,6.84,9.13,9.89,8.97,6.98,,rsi+analyst+upside,7.37,69.58,2.3949,1,1,0,,False,26276900864.0
32,TXN,Texas Instruments,Technology,Semiconductors,SP500,7.61,7.2,7.92,7.57,7.32,7.29,8.63,,rsi+analyst+upside,7.5,59.27,1.8438,0,1,0,,False,246503833600.0
33,EQIX,Equinix,Real Estate,REIT - Specialty,SP500,7.61,8.41,6.59,6.83,5.66,8.71,8.46,,rsi+analyst+upside,9.6,52.62,0.4401,1,1,0,,False,103573209088.0
34,DVN,Devon Energy,Energy,Oil & Gas E&P,SP500,7.58,6.74,8.69,6.22,4.27,9.22,9.05,,rsi+analyst+upside,6.84,47.08,-0.2411,1,1,0,,False,51588788224.0
35,CHRW,C.H. Robinson,Industrials,Integrated Freight & Logistics,SP500,7.54,5.85,8.14,7.87,7.08,8.1,10.0,,rsi+analyst+upside,8.88,58.32,1.2858,0,0,0,,False,17618831360.0
36,CVX,Chevron Corporation,Energy,Oil & Gas Integrated,SP500,7.53,6.64,8.74,5.36,4.19,8.2,6.05,,rsi+analyst+upside,7.13,46.75,-1.2409,1,1,0,,False,397224673280.0
37,PWR,Quanta Services,Industrials,Engineering & Construction,SP500,7.52,7.94,6.98,8.13,7.82,8.71,8.45,,rsi+analyst+upside,7.87,61.29,2.9893,1,1,0,,False,96873005056.0
38,DHR,Danaher Corporation,Healthcare,Diagnostics & Research,SP500,7.5,8.46,6.68,6.44,5.7,8.75,6.36,,rsi+analyst+upside,8.76,52.8,0.3056,1,1,0,,False,156069920768.0
39,DGX,Quest Diagnostics,Healthcare,Diagnostics & Research,SP500,7.48,8.43,7.21,6.37,6.54,7.21,5.02,,rsi+analyst+upside,7.13,56.16,0.3228,1,1,0,,False,26065772544.0
40,DRI,Darden Restaurants,Consumer Cyclical,Restaurants,SP500,7.44,6.99,8.12,5.44,4.19,7.76,6.89,,rsi+analyst+upside,7.63,46.77,-0.8661,1,1,0,,False,24296802304.0
41,LLY,Lilly (Eli),Healthcare,Drug Manufacturers - General,SP500,7.44,7.3,7.79,6.78,6.0,8.42,7.49,,rsi+analyst+upside,7.11,54.01,1.7008,0,1,0,,False,1045754019840.0
42,PFG,Principal Financial Group,Financial Services,Asset Management,SP500,7.43,8.38,6.76,6.9,8.58,5.0,3.76,,rsi+analyst+upside,7.93,64.3,0.2424,1,1,0,,False,24344768512.0
43,SCHW,Charles Schwab Corporation,Financial Services,Capital Markets,SP500,7.43,6.27,8.69,4.73,2.44,8.18,8.12,,rsi+analyst+upside,7.74,39.78,-0.5266,1,1,0,,False,174913650688.0
44,ETN,Eaton Corporation,Industrials,Specialty Industrial Machinery,SP500,7.43,8.39,6.5,7.87,7.84,8.7,7.15,,rsi+analyst+upside,8.02,61.35,2.6671,1,1,0,,False,171214487552.0
45,HPQ,HP Inc.,Technology,Computer Hardware,SP500,7.41,8.26,7.05,5.76,7.64,4.31,1.56,,rsi+analyst+upside,7.92,60.57,0.0006,1,1,0,,False,28947488768.0
46,KMI,Kinder Morgan,Energy,Oil & Gas Midstream,SP500,7.4,8.05,7.61,4.92,3.41,7.17,7.18,,rsi+analyst+upside,7.12,43.66,0.0326,1,1,0,,False,69620965376.0
47,MDT,Medtronic,Healthcare,Medical Devices,SP500,7.39,6.64,8.03,6.77,6.15,8.12,7.3,,rsi+analyst+upside,7.41,54.6,-0.3098,1,1,0,,False,116721336320.0
48,P,Everpure,Technology,Computer Hardware,SP500,7.39,8.29,6.8,10.0,10.0,,,,rsi_only,5.59,72.37,0.7874,1,1,0,,False,36118503424.0
49,CFG,Citizens Financial Group,Financial Services,Banks - Regional,SP500,7.39,5.45,8.5,5.38,3.27,8.47,8.59,,rsi+analyst+upside,9.29,43.09,-0.2876,0,1,0,,False,27846103040.0
50,META,Meta Platforms,Communication Services,Internet Content & Information,SP500,7.37,7.86,7.4,9.28,10.0,9.15,7.24,,rsi+analyst+upside,5.06,87.2,10.8976,1,1,0,,False,1887778635776.0
51,A,Agilent Technologies,Healthcare,Diagnostics & Research,SP500,7.37,8.53,6.43,7.86,8.06,8.15,6.97,,rsi+analyst+upside,7.57,62.25,0.7557,1,1,0,,False,46931099648.0
52,DVA,DaVita,Healthcare,Medical Care Facilities,SP500,7.34,6.77,7.42,7.14,6.88,6.79,8.26,,rsi+analyst+upside,8.4,57.51,1.5766,0,1,0,,False,11749089280.0
53,MU,Micron Technology,Technology,Semiconductors,SP500,7.34,8.21,8.03,8.52,7.82,9.13,10.0,,rsi+analyst+upside,2.76,61.27,4.5369,1,1,0,,False,1222241812480.0
54,DAL,Delta Air Lines,Industrials,Airlines,SP500,7.33,7.41,6.99,8.99,8.59,9.2,9.98,,rsi+analyst+upside,7.11,64.35,0.5059,0,1,0,,False,54983864320.0
55,UAL,United Airlines Holdings,Industrials,Airlines,SP500,7.33,7.26,7.05,8.42,7.67,9.1,10.0,,rsi+analyst+upside,7.57,60.69,0.7923,0,1,0,,False,37580308480.0
56,DOC,Healthpeak Properties,Real Estate,REIT - Healthcare Facilities,SP500,7.33,7.45,6.72,5.75,5.03,6.48,7.19,,rsi+analyst+upside,9.93,50.1,0.0165,0,1,0,,False,14643306496.0
57,CAT,Caterpillar Inc.,Industrials,Farm & Heavy Construction Machinery,SP500,7.32,6.82,8.03,6.99,6.47,7.14,8.43,,rsi+analyst+upside,6.44,55.86,3.4179,0,1,0,,False,370456559616.0
58,ANET,Arista Networks,Technology,Computer Hardware,SP500,7.32,8.43,6.88,7.7,6.88,9.35,8.48,,rsi+analyst+upside,6.16,57.52,0.6454,1,1,0,,False,256785465344.0
59,AMAT,Applied Materials,Technology,Semiconductor Equipment & Materials,SP500,7.31,6.82,7.85,7.04,5.43,8.91,10.0,,rsi+analyst+upside,6.84,51.71,2.3667,0,1,0,,False,372490829824.0
60,JBL,Jabil,Technology,Electronic Components,SP500,7.31,7.09,7.23,6.64,4.74,9.0,10.0,,rsi+analyst+upside,8.44,48.96,0.2086,0,1,0,,False,32178018304.0
61,IBKR,Interactive Brokers,Financial Services,Capital Markets,SP500,7.3,6.54,8.21,5.04,3.25,7.68,7.77,,rsi+analyst+upside,7.55,42.99,-0.1034,1,1,0,,False,155592441856.0
62,LUV,Southwest Airlines,Industrials,Airlines,SP500,7.3,5.87,7.92,8.96,10.0,6.2,8.6,,rsi+analyst+upside,7.19,72.06,0.5456,0,0,0,,False,20705736704.0
63,PRU,Prudential Financial,Financial Services,Insurance - Life,SP500,7.3,5.75,8.34,4.98,5.65,4.03,3.94,,rsi+analyst+upside,8.84,52.58,-0.2666,0,1,0,,False,40584077312.0
64,GRMN,Garmin,Technology,Scientific & Technical Instruments,SP500,7.3,6.44,7.84,4.84,4.2,5.62,5.99,,rsi+analyst+upside,9.01,46.8,-0.4807,1,1,0,,False,54588747776.0
65,FITB,Fifth Third Bancorp,Financial Services,Banks - Regional,SP500,7.29,5.66,8.04,5.84,4.33,8.1,8.15,,rsi+analyst+upside,9.3,47.31,-0.0822,0,1,0,,False,48015425536.0
66,NDAQ,"Nasdaq, Inc.",Financial Services,Financial Data & Stock Exchanges,SP500,7.28,6.52,7.69,4.98,2.98,8.09,7.87,,rsi+analyst+upside,9.06,41.91,-0.3393,1,1,0,,False,52849909760.0
67,HCA,HCA Healthcare,Healthcare,Medical Care Facilities,SP500,7.27,6.93,7.12,7.05,7.27,7.5,5.97,,rsi+analyst+upside,8.55,59.07,0.7699,1,0,0,,False,95078801408.0
68,VRSN,Verisign,Technology,Software - Infrastructure,SP500,7.27,8.77,6.24,8.83,10.0,8.0,6.17,,rsi+analyst+upside,6.28,72.17,1.4204,1,1,0,,False,27413348352.0
69,PNC,PNC Financial Services,Financial Services,Banks - Regional,SP500,7.27,5.28,8.74,4.79,2.6,7.95,8.18,,rsi+analyst+upside,8.48,40.4,-0.9828,0,1,0,,False,91245879296.0
70,WAT,Waters Corporation,Healthcare,Diagnostics & Research,SP500,7.26,8.59,6.1,6.81,6.64,8.3,5.83,,rsi+analyst+upside,8.37,56.57,0.7574,1,1,0,,False,42067730432.0
71,DDOG,Datadog,Technology,Software - Application,SP500,7.24,8.02,6.76,7.21,6.08,8.8,9.01,,rsi+analyst+upside,7.13,54.31,3.0791,1,1,0,,False,89463537664.0
72,FIX,Comfort Systems USA,Industrials,Engineering & Construction,SP500,7.24,6.95,7.83,7.76,7.2,,10.0,,rsi+upside,5.74,58.79,8.8334,0,1,0,,False,56848343040.0
73,MS,Morgan Stanley,Financial Services,Capital Markets,SP500,7.23,5.28,8.97,4.29,2.3,6.8,7.78,,rsi+analyst+upside,7.88,39.18,-1.1069,0,1,0,,False,314867122176.0
74,MET,MetLife,Financial Services,Insurance - Life,SP500,7.23,6.75,7.35,6.6,6.33,7.64,6.38,,rsi+analyst+upside,8.26,55.31,-0.0911,1,1,0,,False,61129703424.0
75,TER,Teradyne,Technology,Semiconductor Equipment & Materials,SP500,7.22,8.13,7.17,7.58,7.04,8.38,8.36,,rsi+analyst+upside,5.29,58.18,2.1843,1,1,0,,False,61803843584.0
76,CDW,CDW Corporation,Technology,Information Technology Services,SP500,7.19,6.6,7.43,4.99,3.5,8.0,6.45,,rsi+analyst+upside,9.1,43.99,-0.5099,1,1,0,,False,18523205632.0
77,STLD,Steel Dynamics,Basic Materials,Steel,SP500,7.17,5.34,8.69,5.71,4.47,7.5,7.62,,rsi+analyst+upside,7.21,47.89,-0.1916,0,1,0,,False,33424470016.0
78,JCI,Johnson Controls,Industrials,Building Products & Equipment,SP500,7.17,8.19,6.31,7.74,7.97,7.38,7.42,,rsi+analyst+upside,7.29,61.86,0.3038,1,1,0,,False,88372527104.0
79,HUM,Humana,Healthcare,Healthcare Plans,SP500,7.16,5.67,8.16,5.24,4.25,7.02,6.42,,rsi+analyst+upside,8.42,46.99,-2.7803,0,1,0,,False,44789350400.0
80,TGT,Target Corporation,Consumer Defensive,Discount Stores,SP500,7.16,6.38,7.54,4.48,3.58,6.18,5.48,,rsi+analyst+upside,9.36,44.31,-1.1236,1,1,0,,False,72544370688.0
81,NTRS,Northern Trust,Financial Services,Asset Management,SP500,7.15,5.36,8.93,3.63,2.52,5.0,5.6,,rsi+analyst+upside,7.72,40.1,-0.9938,0,1,0,,False,32041936896.0
82,CRWD,CrowdStrike,Technology,Software - Infrastructure,SP500,7.15,8.52,6.06,6.83,7.08,8.25,4.65,,rsi+analyst+upside,7.89,58.31,3.2688,1,1,0,,False,255246581760.0
83,ZBRA,Zebra Technologies,Technology,Communication Equipment,SP500,7.14,6.65,7.87,5.89,4.57,7.66,8.12,,rsi+analyst+upside,6.79,48.26,-2.5381,1,1,0,,False,17123620864.0
84,XOM,ExxonMobil,Energy,Oil & Gas Integrated,SP500,7.14,6.7,8.49,4.87,3.96,6.7,5.75,,rsi+analyst+upside,5.46,45.85,-0.715,1,1,0,,False,653526695936.0
85,NDSN,Nordson Corporation,Industrials,Specialty Industrial Machinery,SP500,7.13,6.46,7.46,4.74,3.06,7.5,7.04,,rsi+analyst+upside,9.08,42.23,-1.1751,1,1,0,,False,17766985728.0
86,CPAY,Corpay,Technology,Software - Infrastructure,SP500,7.13,6.59,7.61,4.25,3.4,,7.65,,rsi+upside,8.72,43.59,-2.6884,1,1,0,,False,25776644096.0
87,HUBB,Hubbell Incorporated,Industrials,Electrical Equipment & Parts,SP500,7.13,6.0,7.28,6.79,5.61,7.69,9.43,,rsi+analyst+upside,9.2,52.43,0.6734,0,0,0,,False,24186750976.0
88,USB,U.S. Bancorp,Financial Services,Banks - Regional,SP500,7.13,5.55,7.92,5.19,3.42,7.83,7.85,,rsi+analyst+upside,9.22,43.69,-0.2716,0,1,0,,False,92781961216.0
89,ULTA,Ulta Beauty,Consumer Cyclical,Specialty Retail,SP500,7.12,6.33,7.13,7.46,7.17,8.04,7.76,,rsi+analyst+upside,8.4,58.69,-1.0219,1,1,0,,False,23894159360.0
90,PANW,Palo Alto Networks,Technology,Software - Infrastructure,SP500,7.12,8.08,6.18,5.41,4.08,8.36,6.46,,rsi+analyst+upside,9.17,46.31,2.4635,1,1,0,,False,304974921728.0
91,WFC,Wells Fargo,Financial Services,Banks - Diversified,SP500,7.12,5.64,7.52,6.19,5.12,7.79,7.77,,rsi+analyst+upside,9.53,50.5,-0.3137,0,1,0,,False,253201858560.0
92,FOXA,Fox Corporation (Class A),Communication Services,Entertainment,SP500,7.11,6.45,8.0,5.09,3.28,7.5,8.1,,rsi+analyst+upside,7.11,43.11,-0.5175,1,1,0,,False,27153672192.0
93,WDAY,"Workday, Inc.",Technology,Software - Application,SP500,7.1,6.04,7.58,4.99,3.95,6.85,6.27,,rsi+analyst+upside,9.17,45.79,-1.5101,1,1,0,,False,45910499328.0
94,PKG,Packaging Corporation of America,Consumer Cyclical,Packaging & Containers,SP500,7.09,7.41,6.52,6.86,6.66,7.5,6.84,,rsi+analyst+upside,8.32,56.64,0.5528,0,1,0,,False,21326123008.0
95,GLW,Corning Inc.,Technology,Electronic Components,SP500,7.08,7.56,6.12,7.72,6.69,8.82,9.7,,rsi+analyst+upside,8.57,56.76,0.3276,1,1,0,,False,137959964672.0
96,PLD,Prologis,Real Estate,REIT - Industrial,SP500,7.07,6.91,7.72,3.87,2.86,,7.89,,rsi+upside,7.57,41.45,0.0276,0,1,0,,False,132262756352.0
97,MTD,Mettler Toledo,Healthcare,Diagnostics & Research,SP500,7.05,8.3,5.97,5.93,5.97,6.0,5.72,,rsi+analyst+upside,8.51,53.88,8.8743,1,1,0,,False,30014967808.0
98,ISRG,Intuitive Surgical,Healthcare,Medical Instruments & Supplies,SP500,7.05,6.82,7.17,8.5,8.65,8.05,8.52,,rsi+analyst+upside,6.22,64.58,4.0488,1,0,0,,False,143746301952.0
99,FLEX,Flex Ltd.,Technology,Electronic Components,SP500,7.03,6.68,7.4,7.33,5.77,9.32,10.0,,rsi+analyst+upside,6.42,53.08,0.5751,0,1,0,,False,42372370432.0
100,BBY,Best Buy,Consumer Cyclical,Specialty Retail,SP500,7.03,7.88,6.7,7.77,10.0,5.5,3.34,,rsi+analyst+upside,5.85,76.26,0.5918,1,1,0,,False,19938811904.0
101,NXPI,NXP Semiconductors,Technology,Semiconductors,SP500,7.02,5.98,8.18,7.59,6.65,8.0,10.0,,rsi+analyst+upside,5.26,56.59,1.8733,0,0,0,,False,59403575296.0
102,RL,Ralph Lauren Corporation,Consumer Cyclical,Apparel Manufacturing,SP500,7.02,5.82,7.82,5.95,3.7,8.68,10.0,,rsi+analyst+upside,7.71,44.78,0.5394,0,0,0,,False,20665503744.0
103,TDY,Teledyne Technologies,Technology,Scientific & Technical Instruments,SP500,7.0,6.18,7.07,5.94,4.1,8.12,9.27,,rsi+analyst+upside,9.18,46.38,1.3484,0,0,0,,False,28412549120.0
104,NEM,Newmont,Basic Materials,Gold,SP500,6.99,6.45,7.61,5.36,3.89,8.59,6.54,,rsi+analyst+upside,7.27,45.56,-1.4918,1,1,0,,False,132391165952.0
105,HST,Host Hotels & Resorts,Real Estate,REIT - Hotel & Motel,SP500,6.99,7.15,6.26,7.17,6.83,7.74,7.63,,rsi+analyst+upside,8.76,57.31,0.0537,0,1,0,,False,15509769216.0
106,SMCI,Supermicro,Technology,Computer Hardware,SP500,6.97,6.38,8.38,6.68,7.2,5.39,6.4,,rsi+analyst+upside,4.14,58.81,-0.0275,1,1,0,,False,26902732800.0
107,ADM,Archer Daniels Midland,Consumer Defensive,Farm Products,SP500,6.96,6.69,7.27,5.58,6.46,5.0,3.51,,rsi+analyst+upside,7.48,55.84,-0.1268,1,1,0,,False,40091807744.0
108,BG,Bunge Global,Consumer Defensive,Farm Products,SP500,6.96,4.34,8.7,5.7,3.71,8.61,8.78,,rsi+analyst+upside,7.78,44.84,-0.9442,0,0,0,,False,21408794624.0
109,DXCM,Dexcom,Healthcare,Medical Devices,SP500,6.96,6.61,7.47,5.14,3.51,9.2,5.96,,rsi+analyst+upside,7.31,44.03,-0.1221,1,1,0,,False,33936054272.0
110,BRK-B,Berkshire Hathaway,Financial Services,Insurance - Diversified,SP500,6.95,5.79,7.93,4.77,4.41,,6.24,,rsi+upside,7.78,47.63,-0.2375,0,1,0,,False,1078650142720.0
111,GS,Goldman Sachs,Financial Services,Capital Markets,SP500,6.95,4.98,8.91,3.75,1.41,6.0,8.53,,rsi+analyst+upside,7.15,35.64,-7.9002,0,1,0,,False,276671070208.0
112,CRM,Salesforce,Technology,Software - Application,SP500,6.94,5.96,8.07,3.97,1.29,8.12,7.87,,rsi+analyst+upside,7.5,35.15,-3.8087,1,1,0,,False,191376310272.0
113,WDC,Western Digital,Technology,Computer Hardware,SP500,6.94,6.57,8.24,6.62,4.82,8.65,10.0,,rsi+analyst+upside,4.02,49.29,0.6378,0,1,0,,False,164803264512.0
114,COP,ConocoPhillips,Energy,Oil & Gas E&P,SP500,6.94,6.39,8.48,4.79,3.0,8.15,6.8,,rsi+analyst+upside,4.87,41.99,-1.3833,1,1,0,,False,150689759232.0
115,PODD,Insulet Corporation,Healthcare,Medical Devices,SP500,6.93,4.37,8.73,4.37,1.84,7.6,8.71,,rsi+analyst+upside,8.34,37.37,0.289,0,0,0,,False,9708548096.0
116,WAB,Wabtec,Industrials,Railroads,SP500,6.93,5.68,7.49,4.78,4.0,,7.91,,rsi+upside,9.2,45.99,-0.3807,0,1,0,,False,48540753920.0
117,EMR,Emerson Electric,Industrials,Specialty Industrial Machinery,SP500,6.93,6.74,6.7,5.86,4.71,7.67,7.52,,rsi+analyst+upside,8.72,48.82,-0.2672,1,1,0,,False,86068543488.0
118,FAST,Fastenal,Industrials,Industrial Distribution,SP500,6.92,6.73,6.9,5.56,5.72,5.69,4.91,,rsi+analyst+upside,8.28,52.89,-0.0621,1,1,0,,False,57219969024.0
119,URI,United Rentals,Industrials,Rental & Leasing Services,SP500,6.91,7.06,7.33,6.16,4.51,8.07,9.2,,rsi+analyst+upside,5.87,48.02,4.0003,0,1,0,,False,65510219776.0
120,AVGO,Broadcom,Technology,Semiconductors,SP500,6.9,5.7,7.72,6.21,3.91,9.35,10.0,,rsi+analyst+upside,7.28,45.63,0.795,0,0,0,,False,1738746888192.0
121,IQV,IQVIA,Healthcare,Diagnostics & Research,SP500,6.89,7.08,6.24,7.2,7.11,8.93,5.72,,rsi+analyst+upside,8.22,58.45,-0.8385,1,1,0,,False,44579438592.0
122,GL,Globe Life,Financial Services,Insurance - Life,SP500,6.88,7.16,6.98,5.11,4.65,,6.97,,rsi+upside,7.17,48.6,0.2204,0,1,0,,False,13121274880.0
123,MAR,Marriott International,Consumer Cyclical,Lodging,SP500,6.87,6.0,6.81,5.94,5.22,6.96,7.06,,rsi+analyst+upside,9.39,50.88,1.3036,0,0,0,,False,90603249664.0
124,LITE,Lumentum,Technology,Communication Equipment,SP500,6.87,6.8,6.84,7.09,5.92,8.75,8.91,,rsi+analyst+upside,6.93,53.7,-0.3055,1,1,0,,False,85253120000.0
125,VTRS,Viatris,Healthcare,Drug Manufacturers - Specialty & Generic,SP500,6.86,8.35,5.24,7.67,8.09,7.27,6.8,,rsi+analyst+upside,8.18,62.34,0.0527,1,1,0,,False,19692591104.0
126,EOG,EOG Resources,Energy,Oil & Gas E&P,SP500,6.85,5.47,8.58,4.84,3.51,6.64,7.04,,rsi+analyst+upside,5.76,44.03,-0.7628,0,1,0,,False,73229516800.0
127,BEN,Franklin Resources,Financial Services,Asset Management,SP500,6.85,5.96,7.95,4.72,3.92,5.62,6.22,,rsi+analyst+upside,6.72,45.69,-0.1048,0,1,0,,False,16865612800.0
128,NVDA,Nvidia,Technology,Semiconductors,SP500,6.85,6.82,7.85,7.84,6.65,9.26,10.0,,rsi+analyst+upside,3.25,56.61,-0.0577,1,1,0,,False,5529300631552.0
129,FOX,Fox Corporation (Class B),Communication Services,Entertainment,SP500,6.84,6.21,8.0,3.18,3.18,,,,rsi_only,7.07,42.71,-0.4364,1,1,0,,False,24210391040.0
130,AES,AES Corporation,Utilities,Utilities - Diversified,SP500,6.83,6.51,6.46,7.74,9.5,5.0,5.19,,rsi+analyst+upside,7.95,68.0,-0.0003,1,1,0,,False,10583862272.0
131,V,Visa Inc.,Financial Services,Credit Services,SP500,6.83,6.52,7.27,4.54,2.18,8.88,7.31,,rsi+analyst+upside,7.68,38.71,-1.2333,1,1,0,,False,680175206400.0
132,KEY,KeyCorp,Financial Services,Banks - Regional,SP500,6.82,4.46,8.0,5.15,3.06,7.37,9.17,,rsi+analyst+upside,9.11,42.26,-0.083,0,0,0,,False,21956171776.0
133,MSCI,MSCI,Financial Services,Financial Data & Stock Exchanges,SP500,6.81,5.88,7.43,4.63,3.49,,9.2,,rsi+upside,8.3,43.97,0.0451,0,0,0,,False,40103866368.0
134,ROK,Rockwell Automation,Industrials,Specialty Industrial Machinery,SP500,6.81,7.17,6.57,5.92,5.08,6.85,7.54,,rsi+analyst+upside,7.39,50.3,0.3397,0,1,0,,False,47355412480.0
135,ALLE,Allegion,Industrials,Security & Protection Services,SP500,6.81,5.38,7.81,4.08,3.24,,7.45,,rsi+upside,8.5,42.97,-0.4946,0,1,0,,False,13068451840.0
136,MPWR,Monolithic Power Systems,Technology,Semiconductors,SP500,6.81,7.15,6.63,7.05,5.33,9.26,10.0,,rsi+analyst+upside,6.55,51.31,7.1853,0,1,0,,False,67022696448.0
137,HBAN,Huntington Bancshares,Financial Services,Banks - Regional,SP500,6.8,4.27,8.13,5.27,2.95,8.0,9.53,,rsi+analyst+upside,8.88,41.78,-0.0601,0,0,0,,False,31670003712.0
138,STT,State Street Corporation,Financial Services,Asset Management,SP500,6.78,5.37,8.42,3.87,1.83,7.34,6.52,,rsi+analyst+upside,6.64,37.33,-1.3449,0,1,0,,False,49627619328.0
139,NUE,Nucor,Basic Materials,Steel,SP500,6.78,5.76,8.34,5.43,3.67,8.68,7.48,,rsi+analyst+upside,5.06,44.67,-1.2038,0,1,0,,False,55756963840.0
140,AMP,Ameriprise Financial,Financial Services,Asset Management,SP500,6.76,5.58,7.65,3.96,2.5,6.25,6.08,,rsi+analyst+upside,8.33,39.99,-3.1132,0,1,0,,False,45584355328.0
141,TKO,TKO Group Holdings,Communication Services,Entertainment,SP500,6.76,7.09,6.11,8.2,7.84,8.75,8.71,,rsi+analyst+upside,7.08,61.37,0.1922,1,0,0,,False,35667877888.0
142,UHS,Universal Health Services,Healthcare,Medical Care Facilities,SP500,6.75,6.93,5.89,6.66,6.73,6.5,6.63,,rsi+analyst+upside,9.0,56.91,0.0283,1,0,0,,False,10613582848.0
143,PSA,Public Storage,Real Estate,REIT - Industrial,SP500,6.75,6.8,6.56,4.4,2.81,6.25,7.32,,rsi+analyst+upside,8.8,41.24,0.3332,0,1,0,,False,54780416000.0
144,ORCL,Oracle Corporation,Technology,Software - Infrastructure,SP500,6.75,4.49,8.44,6.63,4.89,8.49,10.0,,rsi+analyst+upside,6.3,49.57,-0.7948,1,0,0,,False,452275306496.0
145,AMT,American Tower,Real Estate,REIT - Specialty,SP500,6.74,5.96,6.74,5.34,4.43,,9.0,,rsi+upside,9.25,47.7,-0.3132,1,0,0,,False,82246606848.0
146,LH,Labcorp,Healthcare,Diagnostics & Research,SP500,6.74,6.28,7.11,4.27,2.37,8.09,6.17,,rsi+analyst+upside,8.2,39.47,-1.5082,1,1,0,,False,25471483904.0
147,BLK,BlackRock,Financial Services,Asset Management,SP500,6.73,5.25,8.21,4.68,1.88,8.82,8.95,,rsi+analyst+upside,6.61,37.51,-4.8304,0,1,0,,False,174488879104.0
148,ILMN,"Illumina, Inc.",Healthcare,Diagnostics & Research,SP500,6.73,8.37,5.4,8.43,8.43,,,,rsi_only,6.29,63.74,2.424,1,1,0,,False,37242638336.0
149,GEN,Gen Digital,Technology,Software - Infrastructure,SP500,6.72,6.29,7.45,3.16,2.13,,7.29,,rsi+upside,7.78,38.51,-0.2587,1,1,0,,False,16176814080.0
150,STX,Seagate Technology,Technology,Computer Hardware,SP500,6.71,8.08,6.5,7.76,6.64,8.9,10.0,,rsi+analyst+upside,3.91,56.55,2.822,1,1,0,,False,206342094848.0
151,TFC,Truist Financial,Financial Services,Banks - Regional,SP500,6.7,4.8,7.61,5.01,4.01,5.83,7.19,,rsi+analyst+upside,8.91,46.05,-0.1891,0,0,0,,False,58796503040.0
152,IRM,Iron Mountain,Real Estate,REIT - Specialty,SP500,6.69,7.08,5.71,7.34,6.3,8.18,9.64,,rsi+analyst+upside,8.46,55.18,0.4023,0,1,0,,False,34945847296.0
153,OKE,Oneok,Energy,Oil & Gas Midstream,SP500,6.69,5.14,8.41,3.18,0.96,6.67,6.35,,rsi+analyst+upside,6.98,33.84,-0.6285,0,1,0,,False,57373544448.0
154,KLAC,KLA Corporation,Technology,Semiconductor Equipment & Materials,SP500,6.69,6.53,6.46,7.51,6.57,7.84,10.0,,rsi+analyst+upside,7.15,56.28,1.1577,0,1,0,,False,243265961984.0
155,REGN,Regeneron Pharmaceuticals,Healthcare,Biotechnology,SP500,6.68,6.84,7.03,5.79,4.94,7.77,6.37,,rsi+analyst+upside,5.94,49.76,-6.3624,1,1,0,,False,83201015808.0
156,SPG,Simon Property Group,Real Estate,REIT - Retail,SP500,6.68,6.5,7.36,3.66,1.5,6.38,7.41,,rsi+analyst+upside,7.04,36.0,0.0642,0,1,0,,False,78033502208.0
157,COF,Capital One,Financial Services,Credit Services,SP500,6.64,3.91,8.24,4.67,1.71,8.65,9.6,,rsi+analyst+upside,8.6,36.82,-1.3752,0,0,0,,False,123911667712.0
158,GWW,W. W. Grainger,Industrials,Industrial Distribution,SP500,6.64,5.35,7.38,3.86,2.63,5.53,5.87,,rsi+analyst+upside,8.88,40.51,-1.3861,0,1,0,,False,60171927552.0
159,BNY,BNY Mellon,Financial Services,Banks - Diversified,SP500,6.64,5.05,8.21,2.74,0.0,7.19,6.52,,rsi+analyst+upside,7.72,29.57,-1.2884,0,1,0,,False,102698385408.0
160,RJF,Raymond James Financial,Financial Services,Asset Management,SP500,6.63,4.77,8.47,2.7,0.0,6.33,7.15,,rsi+analyst+upside,7.49,29.08,-1.5241,0,1,0,,False,30740801536.0
161,ABBV,AbbVie,Healthcare,Drug Manufacturers - General,SP500,6.63,8.39,5.7,7.56,7.87,8.25,5.92,,rsi+analyst+upside,5.26,61.47,0.488,1,1,0,,False,468506968064.0
162,ICE,Intercontinental Exchange,Financial Services,Financial Data & Stock Exchanges,SP500,6.62,6.34,6.42,5.09,2.73,8.83,8.41,,rsi+analyst+upside,8.76,40.93,-0.9564,1,1,0,,False,86005637120.0
163,BAC,Bank of America,Financial Services,Banks - Diversified,SP500,6.62,4.77,8.51,3.37,0.0,8.65,8.21,,rsi+analyst+upside,6.83,26.49,-0.5518,0,1,0,,False,395894456320.0
164,MA,Mastercard,Financial Services,Credit Services,SP500,6.62,6.11,7.55,3.62,0.38,8.94,7.99,,rsi+analyst+upside,6.83,31.54,-2.7472,1,1,0,,False,489093857280.0
165,BALL,Ball Corporation,Consumer Cyclical,Packaging & Containers,SP500,6.61,4.92,8.14,3.36,0.0,8.33,8.44,,rsi+analyst+upside,7.62,28.63,-0.1997,0,1,0,,False,15962909696.0
166,FANG,Diamondback Energy,Energy,Oil & Gas E&P,SP500,6.59,5.36,8.07,4.69,2.04,8.71,8.63,,rsi+analyst+upside,5.89,38.16,-1.7495,0,1,0,,False,51879264256.0
167,DE,Deere & Company,Industrials,Farm & Heavy Construction Machinery,SP500,6.58,6.82,5.65,7.59,8.42,7.6,5.11,,rsi+analyst+upside,8.19,63.68,-1.0432,1,1,0,,False,188295593984.0
168,ACN,Accenture,Technology,Information Technology Services,SP500,6.58,5.27,6.89,5.07,4.29,7.13,5.38,,rsi+analyst+upside,9.25,47.14,-1.0414,1,0,0,,False,112930848768.0
169,WSM,"Williams-Sonoma, Inc.",Consumer Cyclical,Specialty Retail,SP500,6.58,5.58,7.14,5.57,4.68,7.07,6.76,,rsi+analyst+upside,7.56,48.72,-0.2086,0,1,0,,False,27541481472.0
170,PH,Parker Hannifin,Industrials,Specialty Industrial Machinery,SP500,6.57,5.48,6.84,5.44,3.36,8.3,8.84,,rsi+analyst+upside,8.73,43.44,-0.9827,0,1,0,,False,121654976512.0
171,WELL,Welltower,Real Estate,REIT - Healthcare Facilities,SP500,6.57,5.61,6.94,5.28,3.57,8.3,7.43,,rsi+analyst+upside,8.23,44.26,-0.8425,0,1,0,,False,166174720000.0
172,AIZ,Assurant,Financial Services,Insurance - Property & Casualty,SP500,6.55,5.53,7.38,5.24,3.14,8.93,7.82,,rsi+analyst+upside,6.97,42.58,-0.6394,0,1,0,,False,13648379904.0
173,HOOD,Robinhood Markets,Financial Services,Capital Markets,SP500,6.55,8.12,6.71,8.06,8.54,8.36,6.32,,rsi+analyst+upside,1.88,64.18,0.2984,1,1,0,,False,112025657344.0
174,CB,Chubb Limited,Financial Services,Insurance - Property & Casualty,SP500,6.54,7.09,6.3,5.43,4.88,6.3,6.24,,rsi+analyst+upside,6.86,49.51,0.2316,0,1,0,,False,129719410688.0
175,RDDT,Reddit,Communication Services,Internet Content & Information,SP500,6.54,5.58,7.73,7.83,7.14,7.73,10.0,,rsi+analyst+upside,4.03,58.58,0.8745,0,0,0,,False,29563205632.0
176,TRGP,Targa Resources,Energy,Oil & Gas Midstream,SP500,6.53,6.69,6.26,5.12,3.41,8.86,6.52,,rsi+analyst+upside,7.97,43.63,-1.1035,1,1,0,,False,61383028736.0
177,OXY,Occidental Petroleum,Energy,Oil & Gas E&P,SP500,6.53,5.28,8.5,4.16,2.16,6.73,7.59,,rsi+analyst+upside,4.69,38.65,-0.4961,0,1,0,,False,56654446592.0
178,MSI,Motorola Solutions,Technology,Communication Equipment,SP500,6.52,6.04,7.06,3.68,0.85,8.39,7.48,,rsi+analyst+upside,7.74,33.4,-2.9786,1,1,0,,False,75817672704.0
179,AKAM,Akamai Technologies,Technology,Software - Infrastructure,SP500,6.51,8.05,4.95,8.29,8.05,7.3,10.0,,rsi+analyst+upside,6.96,62.18,1.0286,1,1,0,,False,16753044480.0
180,VEEV,Veeva Systems,Healthcare,Health Information Services,SP500,6.51,5.43,7.72,2.99,0.0,7.59,7.38,,rsi+analyst+upside,7.36,24.88,-3.4396,1,1,0,,False,42902622208.0
181,PLTR,Palantir Technologies,Technology,Software - Infrastructure,SP500,6.5,6.5,6.66,5.58,4.37,7.97,6.8,,rsi+analyst+upside,6.64,47.48,-0.5825,1,1,0,,False,443646410752.0
182,TJX,TJX Companies,Consumer Cyclical,Apparel Retail,SP500,6.49,5.8,6.86,5.68,3.29,8.52,10.0,,rsi+analyst+upside,7.28,43.16,0.7255,0,0,0,,False,143596109824.0
183,CIEN,Ciena,Technology,Communication Equipment,SP500,6.48,5.31,6.89,5.9,3.87,7.88,10.0,,rsi+analyst+upside,8.0,45.5,3.3792,0,0,0,,False,52969029632.0
184,EXPE,Expedia Group,Consumer Cyclical,Travel Services,SP500,6.46,4.72,8.28,3.12,0.0,7.05,8.55,,rsi+analyst+upside,6.7,29.5,-2.5066,0,1,0,,False,32453369856.0
185,MNST,Monster Beverage,Consumer Defensive,Beverages - Non-Alcoholic,SP500,6.46,6.59,7.22,3.45,0.93,7.4,7.06,,rsi+analyst+upside,5.95,33.73,0.0734,0,1,0,,False,87461863424.0
186,MO,Altria,Consumer Defensive,Tobacco,SP500,6.43,8.31,5.1,6.32,6.86,5.89,5.12,,rsi+analyst+upside,6.73,57.44,0.2068,1,1,0,,False,114870026240.0
187,GNRC,Generac,Industrials,Specialty Industrial Machinery,SP500,6.42,6.77,6.47,8.58,8.27,8.1,10.0,,rsi+analyst+upside,4.13,63.09,3.5727,1,0,0,,False,12255766528.0
188,TPL,Texas Pacific Land Corporation,Energy,Oil & Gas E&P,SP500,6.4,4.37,7.79,4.16,4.16,,,,rsi_only,7.76,46.66,-0.5079,0,0,0,,False,24770187264.0
189,CINF,Cincinnati Financial,Financial Services,Insurance - Property & Casualty,SP500,6.4,5.28,7.57,3.79,2.93,,7.24,,rsi+upside,6.9,41.73,-0.0886,0,1,0,,False,25504980992.0
190,AVY,Avery Dennison,Consumer Cyclical,Packaging & Containers,SP500,6.4,4.16,7.55,5.16,2.93,8.64,8.39,,rsi+analyst+upside,8.24,41.72,-0.7211,0,0,0,,False,13004108800.0
191,CBRE,CBRE Group,Real Estate,Real Estate Services,SP500,6.38,4.49,6.94,6.1,3.95,8.65,10.0,,rsi+analyst+upside,8.64,45.82,-0.3794,0,0,0,,False,40740347904.0
192,PM,Philip Morris International,Consumer Defensive,Tobacco,SP500,6.37,6.03,6.47,6.04,5.09,8.28,6.66,,rsi+analyst+upside,6.94,50.35,-0.0547,0,1,0,,False,296985985024.0
193,Q,Qnity Electronics,Technology,Semiconductor Equipment & Materials,SP500,6.37,5.71,5.49,7.34,5.78,9.38,10.0,,rsi+analyst+upside,9.69,53.13,0.4843,0,0,0,,False,25828886528.0
194,LRCX,Lam Research,Technology,Semiconductor Equipment & Materials,SP500,6.36,5.39,7.14,6.8,5.08,8.86,9.92,,rsi+analyst+upside,5.67,50.3,-0.4099,0,1,0,,False,385757216768.0
195,APA,APA Corporation,Energy,Oil & Gas E&P,SP500,6.35,6.86,6.1,5.66,5.6,6.11,5.38,,rsi+analyst+upside,6.59,52.41,-0.2359,1,1,0,,False,14935485440.0
196,ADP,Automatic Data Processing,Technology,Software - Application,SP500,6.34,6.25,6.75,2.96,1.03,5.69,6.01,,rsi+analyst+upside,7.56,34.11,-1.3179,1,1,0,,False,106921279488.0
197,IEX,IDEX Corporation,Industrials,Specialty Industrial Machinery,SP500,6.34,5.5,6.55,4.36,2.07,8.17,7.4,,rsi+analyst+upside,8.69,38.28,-0.2783,0,1,0,,False,16781966336.0
198,MRVL,Marvell Technology,Technology,Semiconductors,SP500,6.34,7.93,6.19,9.4,10.0,8.94,8.06,,rsi+analyst+upside,1.59,71.42,2.8731,1,1,0,,False,236332367872.0
199,KO,Coca-Cola Company (The),Consumer Defensive,Beverages - Non-Alcoholic,SP500,6.32,6.68,6.5,4.85,3.3,8.12,6.22,,rsi+analyst+upside,6.03,43.22,-0.2121,1,1,0,,False,380624994304.0
200,GILD,Gilead Sciences,Healthcare,Drug Manufacturers - General,SP500,6.32,6.93,5.87,7.51,7.85,8.12,5.89,,rsi+analyst+upside,5.61,61.39,-0.0985,1,1,0,,False,189923934208.0
201,HWM,Howmet Aerospace,Industrials,Aerospace & Defense,SP500,6.31,3.8,7.77,4.95,1.95,8.91,10.0,,rsi+analyst+upside,7.85,37.8,-0.9536,0,0,0,,False,90300596224.0
202,EW,Edwards Lifesciences,Healthcare,Medical Devices,SP500,6.31,7.01,5.46,4.88,2.85,8.45,7.4,,rsi+analyst+upside,8.4,41.39,0.0003,0,1,0,,False,51420643328.0
203,ITW,Illinois Tool Works,Industrials,Specialty Industrial Machinery,SP500,6.29,5.37,6.84,3.15,1.4,4.53,7.05,,rsi+analyst+upside,8.54,35.6,-0.0427,0,1,0,,False,76705177600.0
204,INTC,Intel,Technology,Semiconductors,SP500,6.28,8.09,6.33,8.5,10.0,6.33,6.19,,rsi+analyst+upside,1.02,78.21,2.5573,1,1,0,,False,641838874624.0
205,TRV,Travelers Companies (The),Financial Services,Insurance - Property & Casualty,SP500,6.27,8.22,4.96,5.91,6.81,5.09,4.06,,rsi+analyst+upside,6.53,57.22,0.2599,1,1,0,,False,75591761920.0
206,TXT,Textron,Industrials,Aerospace & Defense,SP500,6.26,5.54,6.15,5.19,3.08,7.03,9.68,,rsi+analyst+upside,8.72,42.31,0.2733,0,0,0,,False,13467435008.0
207,KR,Kroger,Consumer Defensive,Grocery Stores,SP500,6.26,7.01,5.58,7.29,7.32,7.29,7.2,,rsi+analyst+upside,6.1,59.29,0.2237,1,0,0,,False,34965803008.0
208,NWSA,News Corp (Class A),Communication Services,Entertainment,SP500,6.26,6.31,6.13,3.39,2.1,,8.57,,rsi+upside,8.45,38.39,-0.1441,1,1,0,,False,15639677952.0
209,UBER,Uber,Technology,Software - Application,SP500,6.24,3.49,8.24,3.89,0.3,8.55,10.0,,rsi+analyst+upside,7.32,31.2,-0.5541,0,0,0,,False,143530688512.0
210,DLR,Digital Realty,Real Estate,REIT - Specialty,SP500,6.24,5.71,5.35,6.93,5.66,8.86,8.79,,rsi+analyst+upside,9.55,52.65,-0.1252,0,1,0,,False,69947097088.0
211,MRNA,Moderna,Healthcare,Biotechnology,SP500,6.24,7.04,5.1,7.05,9.86,5.65,0.0,,rsi+analyst+upside,7.53,69.45,-0.5418,1,1,0,,False,72880513024.0
212,IVZ,Invesco,Financial Services,Asset Management,SP500,6.23,6.55,6.53,4.24,2.64,6.43,6.87,,rsi+analyst+upside,6.03,40.54,-0.2691,1,1,0,,False,13644551168.0
213,EXR,Extra Space Storage,Real Estate,REIT - Industrial,SP500,6.23,6.07,5.81,5.1,3.63,6.9,7.72,,rsi+analyst+upside,8.57,44.51,0.1944,0,0,0,,False,30196523008.0
214,NEE,NextEra Energy,Utilities,Utilities - Regulated Electric,SP500,6.2,3.88,8.1,3.92,1.14,7.5,8.71,,rsi+analyst+upside,6.67,34.55,-0.1914,0,0,0,,False,165897846784.0
215,MTB,M&T Bank,Financial Services,Banks - Regional,SP500,6.2,5.22,7.09,4.15,2.54,5.75,7.4,,rsi+analyst+upside,6.83,40.15,-1.1016,0,1,0,,False,32404133888.0
216,CDNS,Cadence Design Systems,Technology,Software - Application,SP500,6.2,4.81,7.38,3.81,0.0,9.04,10.0,,rsi+analyst+upside,7.04,27.21,0.1481,0,0,0,,False,82984165376.0
217,MCK,McKesson Corporation,Healthcare,Medical Distribution,SP500,6.2,6.72,5.77,6.19,5.16,8.47,7.02,,rsi+analyst+upside,6.47,50.62,-4.1269,1,1,0,,False,104088379392.0
218,CF,CF Industries,Basic Materials,Agricultural Inputs,SP500,6.19,5.53,7.12,3.8,3.2,4.88,4.52,,rsi+analyst+upside,6.28,42.81,-1.4214,0,1,0,,False,18230190080.0
219,PAYX,Paychex,Technology,Software - Application,SP500,6.19,4.68,8.1,2.11,0.0,4.87,5.7,,rsi+analyst+upside,6.24,21.99,-0.9475,0,1,0,,False,40708149248.0
220,AXP,American Express,Financial Services,Credit Services,SP500,6.18,3.82,7.77,3.4,0.6,6.75,8.44,,rsi+analyst+upside,8.0,32.41,-1.2845,0,0,0,,False,208123740160.0
221,RVTY,Revvity,Healthcare,Diagnostics & Research,SP500,6.18,8.46,3.87,7.14,9.09,6.45,1.98,,rsi+analyst+upside,7.92,66.35,1.4624,1,1,0,,False,15970803712.0
222,COHR,Coherent Corp.,Technology,Scientific & Technical Instruments,SP500,6.18,7.99,5.42,8.64,8.23,8.48,10.0,,rsi+analyst+upside,3.19,62.93,4.7926,1,1,0,,False,60595388416.0
223,VLTO,Veralto,Industrials,Pollution & Treatment Controls,SP500,6.17,5.28,6.76,4.27,1.66,7.81,8.58,,rsi+analyst+upside,7.46,36.62,-0.278,0,1,0,,False,23404161024.0
224,ELV,Elevance Health,Healthcare,Healthcare Plans,SP500,6.16,6.82,5.01,7.51,7.64,7.95,6.64,,rsi+analyst+upside,7.42,60.57,-0.002,1,1,0,,False,87388561408.0
225,TDG,TransDigm Group,Industrials,Aerospace & Defense,SP500,6.16,3.79,7.76,3.8,0.57,7.28,10.0,,rsi+analyst+upside,7.69,32.29,-2.7472,0,0,0,,False,61247770624.0
226,SOLV,Solventum,Healthcare,Medical Instruments & Supplies,SP500,6.16,6.41,5.94,4.31,2.87,7.0,5.95,,rsi+analyst+upside,7.58,41.49,-0.5194,1,1,0,,False,15151613952.0
227,AMD,Advanced Micro Devices,Technology,Semiconductors,SP500,6.16,8.49,6.02,9.09,10.0,8.77,6.69,,rsi+analyst+upside,0.0,78.46,12.5822,1,1,0,,False,1011595739136.0
228,SPGI,S&P Global,Financial Services,Financial Data & Stock Exchanges,SP500,6.15,3.67,7.6,4.34,0.94,9.17,9.73,,rsi+analyst+upside,7.99,33.75,-3.3392,0,0,0,,False,118982754304.0
229,PG,Procter & Gamble,Consumer Defensive,Household & Personal Products,SP500,6.14,8.06,4.7,6.24,5.86,7.0,6.62,,rsi+analyst+upside,6.54,53.45,0.1977,1,1,0,,False,343151640576.0
230,APP,AppLovin,Communication Services,Advertising Agencies,SP500,6.14,5.24,7.8,7.91,7.0,8.56,10.0,,rsi+analyst+upside,1.76,58.01,4.6703,0,0,0,,False,109761519616.0
231,AMCR,Amcor,Consumer Cyclical,Packaging & Containers,SP500,6.14,4.69,7.95,3.12,0.0,7.32,8.29,,rsi+analyst+upside,5.61,26.32,-0.3105,0,1,0,,False,19903981568.0
232,WMB,Williams Companies,Energy,Oil & Gas Midstream,SP500,6.14,5.04,7.1,4.3,1.48,8.98,8.08,,rsi+analyst+upside,6.68,35.93,-0.2493,0,1,0,,False,86961094656.0
233,APO,Apollo Global Management,Financial Services,Asset Management,SP500,6.13,4.87,7.73,3.56,0.36,8.1,8.65,,rsi+analyst+upside,5.57,31.43,-0.8184,0,1,0,,False,74990125056.0
234,JBHT,J.B. Hunt,Industrials,Integrated Freight & Logistics,SP500,6.13,3.74,8.02,3.79,0.65,7.4,9.57,,rsi+analyst+upside,6.82,32.61,-3.5376,0,0,0,,False,22342832128.0
235,JNJ,Johnson & Johnson,Healthcare,Drug Manufacturers - General,SP500,6.13,6.77,5.8,6.52,6.47,7.72,5.49,,rsi+analyst+upside,5.59,55.87,-0.5929,1,1,0,,False,647696416768.0
236,TT,Trane Technologies,Industrials,Building Products & Equipment,SP500,6.12,4.29,6.92,4.97,2.86,7.5,8.8,,rsi+analyst+upside,8.16,41.43,-0.5232,0,0,0,,False,96651780096.0
237,HSIC,Henry Schein,Healthcare,Medical Distribution,SP500,6.11,5.31,6.88,3.28,0.66,6.76,7.62,,rsi+analyst+upside,7.33,32.65,-0.6037,0,1,0,,False,9730955264.0
238,ABNB,Airbnb,Consumer Cyclical,Travel Services,SP500,6.1,4.45,7.81,2.85,0.0,7.44,6.79,,rsi+analyst+upside,6.43,22.34,-2.3468,0,1,0,,False,97617027072.0
239,WMT,Walmart,Consumer Defensive,Discount Stores,SP500,6.1,6.0,5.48,7.9,7.54,8.66,8.23,,rsi+analyst+upside,6.96,60.16,0.3521,0,0,0,,False,873558310912.0
240,MLM,Martin Marietta Materials,Basic Materials,Building Materials,SP500,6.09,4.04,6.83,5.18,2.7,7.81,10.0,,rsi+analyst+upside,8.58,40.81,-0.2249,0,0,0,,False,35388248064.0
241,LMT,Lockheed Martin,Industrials,Aerospace & Defense,SP500,6.09,5.43,7.58,4.09,1.89,6.43,8.34,,rsi+analyst+upside,4.28,37.58,0.2233,0,0,0,,False,119828873216.0
242,CEG,Constellation Energy,Utilities,Utilities - Independent Power Producers,SP500,6.08,3.95,6.93,4.63,3.29,,10.0,,rsi+upside,8.73,43.16,-3.7533,0,0,0,,False,93820002304.0
243,CNC,Centene Corporation,Healthcare,Healthcare Plans,SP500,6.08,5.81,5.23,5.9,5.41,6.55,6.71,,rsi+analyst+upside,9.3,51.66,-0.1253,0,1,0,,False,31526760448.0
244,J,Jacobs Solutions,Industrials,Engineering & Construction,SP500,6.08,6.14,6.23,3.83,1.43,7.66,7.22,,rsi+analyst+upside,6.97,35.73,-0.6662,1,1,0,,False,16755831808.0
245,CTAS,Cintas,Industrials,Specialty Business Services,SP500,6.07,5.17,6.48,3.67,1.6,7.0,6.57,,rsi+analyst+upside,8.2,36.38,-0.6415,0,1,0,,False,78583300096.0
246,WRB,W. R. Berkley Corporation,Financial Services,Insurance - Property & Casualty,SP500,6.07,7.43,5.34,6.1,7.23,4.03,4.79,,rsi+analyst+upside,5.52,58.94,0.0994,0,1,0,,False,25466208256.0
247,DECK,Deckers Brands,Consumer Cyclical,Footwear & Accessories,SP500,6.07,5.09,6.66,3.91,1.06,6.39,10.0,,rsi+analyst+upside,7.67,34.24,0.1341,0,0,0,,False,10973534208.0
248,SNPS,Synopsys,Technology,Software - Infrastructure,SP500,6.06,4.65,6.95,4.4,1.06,8.8,10.0,,rsi+analyst+upside,7.29,34.24,-1.26,1,0,0,,False,78507786240.0
249,MCO,Moody's Corporation,Financial Services,Financial Data & Stock Exchanges,SP500,6.05,3.92,7.89,3.52,0.35,8.23,8.32,,rsi+analyst+upside,6.47,31.4,-3.0525,0,0,0,,False,81182048256.0
250,CAH,Cardinal Health,Healthcare,Medical Distribution,SP500,6.05,5.18,6.81,4.68,2.1,8.75,8.37,,rsi+analyst+upside,6.43,38.4,-1.9267,0,1,0,,False,52420243456.0
251,RF,Regions Financial Corporation,Financial Services,Banks - Regional,SP500,6.05,5.14,6.31,3.65,1.76,5.34,7.63,,rsi+analyst+upside,8.69,37.03,-0.1654,0,1,0,,False,23875323904.0
252,NOW,ServiceNow,Technology,Software - Application,SP500,6.04,5.76,5.59,4.58,2.65,8.93,6.03,,rsi+analyst+upside,8.92,40.62,-0.9824,1,1,0,,False,141349617664.0
253,GE,GE Aerospace,Industrials,Aerospace & Defense,SP500,6.04,3.95,7.56,4.4,1.26,8.64,9.6,,rsi+analyst+upside,6.76,35.05,-0.8737,0,0,0,,False,330764550144.0
254,DIS,Walt Disney Company (The),Communication Services,Entertainment,SP500,6.04,6.36,5.63,5.33,2.92,8.91,8.98,,rsi+analyst+upside,7.12,41.67,-0.6042,1,1,0,,False,178988367872.0
255,PYPL,PayPal,Financial Services,Credit Services,SP500,6.03,5.12,5.93,5.4,5.08,5.29,6.48,,rsi+analyst+upside,8.54,50.32,-0.3088,0,1,0,,False,45630283776.0
256,TROW,T. Rowe Price,Financial Services,Asset Management,SP500,6.02,4.91,7.78,2.04,0.11,4.04,5.83,,rsi+analyst+upside,5.64,30.43,-0.2513,0,1,0,,False,22143252480.0
257,MMM,3M,Industrials,Conglomerates,SP500,6.01,5.09,6.43,3.59,1.33,6.94,7.0,,rsi+analyst+upside,8.16,35.32,-0.3794,0,1,0,,False,86620741632.0
258,XYL,Xylem Inc.,Industrials,Specialty Industrial Machinery,SP500,6.01,5.32,5.7,5.03,2.43,7.86,10.0,,rsi+analyst+upside,8.97,39.73,0.2611,0,0,0,,False,25109172224.0
259,SW,Smurfit Westrock,Consumer Cyclical,Packaging & Containers,SP500,6.01,6.88,4.47,5.82,3.37,9.26,9.7,,rsi+analyst+upside,9.0,43.48,0.0262,0,1,0,,False,24434898944.0
260,CI,Cigna,Healthcare,Healthcare Plans,SP500,6.0,4.73,6.56,6.4,4.98,8.2,8.88,,rsi+analyst+upside,6.58,49.91,-0.5345,0,0,0,,False,72644993024.0
261,YUM,Yum! Brands,Consumer Cyclical,Restaurants,SP500,5.99,3.91,8.02,3.38,0.12,7.31,9.21,,rsi+analyst+upside,5.8,30.47,-1.1091,0,0,0,,False,38260731904.0
262,FICO,Fair Isaac,Technology,Software - Application,SP500,5.99,2.88,8.62,3.5,0.0,7.5,10.0,,rsi+analyst+upside,5.97,25.58,-7.0909,0,0,0,,False,19918419968.0
263,CVS,CVS Health,Healthcare,Healthcare Plans,SP500,5.99,4.92,7.23,3.78,0.0,8.89,10.0,,rsi+analyst+upside,5.86,29.61,-0.6018,0,1,0,,False,111935479808.0
264,NRG,NRG Energy,Utilities,Utilities - Independent Power Producers,SP500,5.98,3.64,7.01,5.19,2.45,8.59,10.0,,rsi+analyst+upside,8.11,39.79,-0.4861,0,0,0,,False,21660088320.0
265,AFL,Aflac,Financial Services,Insurance - Life,SP500,5.98,7.02,5.08,4.5,4.29,,5.32,,rsi+upside,7.62,47.17,0.1746,0,1,0,,False,57596825600.0
266,CSX,CSX Corporation,Industrials,Railroads,SP500,5.98,4.73,7.52,2.97,0.0,7.7,7.14,,rsi+analyst+upside,5.9,19.38,-0.3249,0,1,0,,False,86019670016.0
267,TSLA,"Tesla, Inc.",Consumer Cyclical,Auto Manufacturers,SP500,5.98,6.88,5.54,6.14,5.86,6.63,6.49,,rsi+analyst+upside,5.43,53.45,0.8218,1,0,0,,False,1495713316864.0
268,GPN,Global Payments,Industrials,Specialty Business Services,SP500,5.97,5.22,6.39,3.97,1.53,6.64,8.6,,rsi+analyst+upside,7.54,36.13,-0.9506,0,1,0,,False,22614286336.0
269,HON,Honeywell Technologies,Industrials,Conglomerates,SP500,5.96,5.53,5.83,4.49,1.75,7.61,9.59,,rsi+analyst+upside,8.2,36.99,0.7719,0,0,0,,False,66850570240.0
270,MCHP,Microchip Technology,Technology,Semiconductors,SP500,5.96,5.91,5.7,7.23,5.84,8.65,10.0,,rsi+analyst+upside,5.98,53.35,0.3723,0,0,0,,False,41073176576.0
271,UNP,Union Pacific Corporation,Industrials,Railroads,SP500,5.94,4.57,7.5,3.25,0.0,8.2,8.05,,rsi+analyst+upside,5.8,9.73,-2.1637,0,1,0,,False,162399453184.0
272,CMI,Cummins,Industrials,Specialty Industrial Machinery,SP500,5.94,5.18,6.65,2.95,1.18,,10.0,,rsi+upside,7.34,34.73,0.4045,0,0,0,,False,72060477440.0
273,REG,Regency Centers,Real Estate,REIT - Retail,SP500,5.93,4.34,6.83,3.58,2.42,,8.22,,rsi+upside,8.0,39.68,-0.0813,0,0,0,,False,13711815680.0
274,FDS,FactSet,Financial Services,Financial Data & Stock Exchanges,SP500,5.92,6.0,6.33,2.25,1.11,4.44,3.5,,rsi+analyst+upside,7.0,34.44,-2.0672,1,1,0,,False,9894334464.0
275,CBOE,Cboe Global Markets,Financial Services,Financial Data & Stock Exchanges,SP500,5.91,3.55,8.53,2.49,0.0,4.85,7.61,,rsi+analyst+upside,5.03,29.93,-3.3523,0,0,0,,False,27709724672.0
276,DD,DuPont,Basic Materials,Specialty Chemicals,SP500,5.9,5.5,5.58,4.87,1.89,8.68,10.0,,rsi+analyst+upside,8.33,37.56,0.0859,0,0,0,,False,17837152256.0
277,COR,Cencora,Healthcare,Medical Distribution,SP500,5.88,4.31,6.57,5.4,3.53,8.17,8.27,,rsi+analyst+upside,7.28,44.11,-2.3598,0,0,0,,False,60310925312.0
278,ECHO,EchoStar,Communication Services,Telecom Services,SP500,5.88,6.74,3.85,9.88,10.0,9.38,10.0,,rsi+analyst+upside,7.58,73.8,0.7146,1,0,0,,False,27717656576.0
279,FDX,FedEx,Industrials,Integrated Freight & Logistics,SP500,5.87,4.95,7.11,3.15,0.0,7.95,7.82,,rsi+analyst+upside,5.78,26.05,-2.3418,0,1,0,,False,70291120128.0
280,UNH,UnitedHealth Group,Healthcare,Healthcare Plans,SP500,5.86,5.42,5.76,5.41,2.96,8.56,9.64,,rsi+analyst+upside,7.29,41.84,-0.875,0,1,0,,False,335942811648.0
281,DOV,Dover Corporation,Industrials,Specialty Industrial Machinery,SP500,5.85,3.82,6.96,4.27,0.95,8.47,10.0,,rsi+analyst+upside,7.65,33.81,-0.0545,0,0,0,,False,25145470976.0
282,ADSK,Autodesk,Technology,Software - Application,SP500,5.85,3.09,8.03,3.74,0.0,8.72,10.0,,rsi+analyst+upside,6.2,27.48,-1.7054,0,0,0,,False,45703073792.0
283,WYNN,Wynn Resorts,Consumer Cyclical,Resorts & Casinos,SP500,5.83,3.06,7.63,3.9,0.0,9.52,10.0,,rsi+analyst+upside,7.24,22.81,-0.7493,0,0,0,,False,8561763328.0
284,AMGN,Amgen,Healthcare,Drug Manufacturers - General,SP500,5.82,5.03,7.17,2.66,0.77,5.91,5.09,,rsi+analyst+upside,5.44,33.08,-4.38,0,1,0,,False,221183361024.0
285,IT,Gartner,Technology,Information Technology Services,SP500,5.81,5.7,5.28,3.81,2.87,5.5,4.92,,rsi+analyst+upside,8.91,41.5,-1.2256,1,1,0,,False,11421755392.0
286,TECH,Bio-Techne,Healthcare,Biotechnology,SP500,5.8,7.38,3.93,6.16,6.59,,4.43,,rsi+upside,7.99,56.35,-0.0815,1,1,0,,False,11385788416.0
287,IBM,IBM,Technology,Information Technology Services,SP500,5.78,5.45,5.22,5.39,4.6,7.0,6.15,,rsi+analyst+upside,8.38,48.38,-0.462,1,0,0,,False,217849741312.0
288,AWK,American Water Works,Utilities,Utilities - Regulated Water,SP500,5.78,5.15,6.56,3.15,1.37,5.96,5.68,,rsi+analyst+upside,6.45,35.47,-0.7136,0,1,0,,False,26551185408.0
289,NI,NiSource,Utilities,Utilities - Regulated Gas,SP500,5.76,6.16,5.06,5.61,3.59,8.5,8.81,,rsi+analyst+upside,7.14,44.35,0.0539,0,0,0,,False,19271122944.0
290,OTIS,Otis Worldwide,Industrials,Specialty Industrial Machinery,SP500,5.76,3.61,7.06,3.65,0.45,7.12,9.8,,rsi+analyst+upside,7.55,31.79,-0.2623,0,0,0,,False,25790347264.0
291,ZBH,Zimmer Biomet,Healthcare,Medical Devices,SP500,5.75,5.17,6.52,3.65,1.57,6.39,7.13,,rsi+analyst+upside,5.98,36.29,-0.4544,0,1,0,,False,17861629952.0
292,LYV,Live Nation Entertainment,Communication Services,Entertainment,SP500,5.74,4.85,6.75,1.69,0.0,,8.47,,rsi+upside,7.22,28.04,-0.6144,0,1,0,,False,39657861120.0
293,ED,Consolidated Edison,Utilities,Utilities - Regulated Electric,SP500,5.74,4.23,7.57,3.09,1.79,4.31,5.77,,rsi+analyst+upside,5.01,37.18,-0.2348,0,0,0,,False,38347534336.0
294,KDP,Keurig Dr Pepper,Consumer Defensive,Beverages - Non-Alcoholic,SP500,5.72,5.25,6.46,3.98,1.38,7.92,7.82,,rsi+analyst+upside,5.62,35.51,-0.1939,0,1,0,,False,42859216896.0
295,PGR,Progressive Corporation,Financial Services,Insurance - Property & Casualty,SP500,5.72,5.41,6.43,4.02,2.59,5.9,6.42,,rsi+analyst+upside,5.33,40.34,-0.8545,0,1,0,,False,119843897344.0
296,CTSH,Cognizant,Technology,Information Technology Services,SP500,5.71,4.67,6.15,3.64,1.68,6.98,6.2,,rsi+analyst+upside,7.82,36.71,-0.6672,1,0,0,,False,26571706368.0
297,ARE,Alexandria Real Estate Equities,Real Estate,REIT - Office,SP500,5.71,7.62,3.44,6.07,6.77,5.16,4.86,,rsi+analyst+upside,8.45,57.09,0.2086,1,1,0,,False,9360262144.0
298,MDLZ,Mondelez International,Consumer Defensive,Confectioners,SP500,5.71,5.32,6.45,3.78,1.33,7.6,7.27,,rsi+analyst+upside,5.54,35.34,-0.2168,0,1,0,,False,77784596480.0
299,BX,Blackstone Inc.,Financial Services,Asset Management,SP500,5.69,3.12,8.39,2.97,0.0,7.28,7.59,,rsi+analyst+upside,4.57,23.61,-1.3053,0,0,0,,False,149430157312.0
300,FERG,Ferguson Enterprises,Industrials,Industrial Distribution,SP500,5.69,3.98,6.21,4.74,1.95,7.84,10.0,,rsi+analyst+upside,8.22,37.79,-0.7425,0,0,0,,False,42814955520.0
301,TRMB,Trimble Inc.,Technology,Scientific & Technical Instruments,SP500,5.68,4.53,6.14,5.04,2.05,9.04,10.0,,rsi+analyst+upside,7.01,38.21,-0.2979,1,0,0,,False,13752946688.0
302,DG,Dollar General,Consumer Defensive,Discount Stores,SP500,5.66,4.1,6.99,4.66,3.24,6.25,7.33,,rsi+analyst+upside,5.47,42.97,-0.7644,0,0,0,,False,27512016896.0
303,RMD,ResMed|,Healthcare,Medical Instruments & Supplies,SP500,5.66,4.53,6.74,2.61,0.0,6.45,6.59,,rsi+analyst+upside,6.73,28.95,-1.0112,1,0,0,,False,32412772352.0
304,BKNG,Booking Holdings,Consumer Cyclical,Travel Services,SP500,5.66,3.02,7.66,3.74,0.0,8.72,10.0,,rsi+analyst+upside,6.24,15.78,-2.349,0,0,0,,False,121949052928.0
305,LII,Lennox International,Industrials,Building Products & Equipment,SP500,5.66,4.84,5.98,3.94,1.12,6.32,10.0,,rsi+analyst+upside,7.53,34.47,1.8756,0,0,0,,False,12701912064.0
306,TPR,"Tapestry, Inc.",Consumer Cyclical,Luxury Goods,SP500,5.66,4.9,6.61,3.61,0.0,8.07,10.0,,rsi+analyst+upside,5.7,28.65,0.2068,0,0,0,,False,22437545984.0
307,CASY,Casey's,Consumer Cyclical,Specialty Retail,SP500,5.65,2.79,8.3,3.7,0.0,8.5,10.0,,rsi+analyst+upside,4.74,17.76,-9.7311,0,0,0,,False,21635743744.0
308,QCOM,Qualcomm,Technology,Semiconductors,SP500,5.64,8.09,3.71,8.38,9.76,6.08,6.54,,rsi+analyst+upside,4.7,69.02,2.0018,1,1,0,,False,209147609088.0
309,T,AT&T,Communication Services,Telecom Services,SP500,5.63,6.52,4.8,5.14,3.75,7.3,7.17,,rsi+analyst+upside,6.66,45.0,-0.1486,1,1,0,,False,172145639424.0
310,DLTR,Dollar Tree,Consumer Defensive,Discount Stores,SP500,5.63,3.6,7.4,2.96,0.0,6.16,8.64,,rsi+analyst+upside,6.15,28.35,-1.6042,0,0,0,,False,21980891136.0
311,NWS,News Corp (Class B),Communication Services,Entertainment,SP500,5.61,5.11,6.01,1.44,1.44,,,,rsi_only,8.19,35.77,-0.204,0,1,0,,False,17354790912.0
312,AJG,Arthur J. Gallagher & Co.,Financial Services,Insurance Brokers,SP500,5.61,4.57,6.86,3.36,0.0,8.18,8.6,,rsi+analyst+upside,5.46,29.33,-2.4216,0,1,0,,False,59295518720.0
313,CRH,CRH plc,Basic Materials,Building Materials,SP500,5.61,3.37,6.94,4.05,0.33,9.24,10.0,,rsi+analyst+upside,7.14,31.33,-0.2273,0,0,0,,False,58531729408.0
314,NFLX,Netflix,Communication Services,Entertainment,SP500,5.6,3.4,7.35,4.14,0.87,8.09,10.0,,rsi+analyst+upside,5.72,33.49,-0.9091,0,0,0,,False,298835542016.0
315,SHW,Sherwin-Williams,Basic Materials,Specialty Chemicals,SP500,5.6,3.77,6.74,3.23,0.0,7.5,8.65,,rsi+analyst+upside,7.38,28.29,-0.8055,0,0,0,,False,79693856768.0
316,BRO,Brown & Brown,Financial Services,Insurance Brokers,SP500,5.59,3.09,8.12,2.69,0.0,5.53,7.94,,rsi+analyst+upside,4.93,20.17,-0.6835,0,0,0,,False,20927870976.0
317,INTU,Intuit,Technology,Software - Application,SP500,5.59,2.47,7.52,3.47,0.0,7.35,10.0,,rsi+analyst+upside,7.43,25.48,-4.6613,0,0,0,,False,77574602752.0
318,INVH,Invitation Homes,Real Estate,REIT - Residential,SP500,5.59,3.1,7.91,3.24,0.0,7.1,9.09,,rsi+analyst+upside,5.19,10.38,-0.1259,0,0,0,,False,16067904512.0
319,ON,ON Semiconductor,Technology,Semiconductors,SP500,5.57,5.29,5.99,5.85,4.07,7.07,10.0,,rsi+analyst+upside,4.64,46.27,0.3371,0,0,0,,False,28626597888.0
320,PPG,PPG Industries,Basic Materials,Specialty Chemicals,SP500,5.57,3.64,6.74,3.13,0.0,7.19,8.47,,rsi+analyst+upside,7.54,28.53,-0.3432,0,0,0,,False,23907252224.0
321,CNP,CenterPoint Energy,Utilities,Utilities - Regulated Electric,SP500,5.56,3.8,7.49,2.22,0.71,,8.28,,rsi+upside,5.54,32.84,-0.0513,0,0,0,,False,24863395840.0
322,LHX,L3Harris,Industrials,Aerospace & Defense,SP500,5.54,4.39,7.08,3.61,0.0,8.03,10.0,,rsi+analyst+upside,4.53,20.02,0.2068,0,0,0,,False,44762345472.0
323,VRT,Vertiv,Industrials,Electrical Equipment & Parts,SP500,5.53,3.99,6.77,6.35,4.24,9.02,10.0,,rsi+analyst+upside,4.32,46.95,-0.6427,0,0,0,,False,97667645440.0
324,ODFL,Old Dominion,Industrials,Trucking,SP500,5.53,3.0,7.54,3.28,0.0,6.4,10.0,,rsi+analyst+upside,6.06,18.87,-0.3634,0,0,0,,False,36790108160.0
325,VRTX,Vertex Pharmaceuticals,Healthcare,Biotechnology,SP500,5.52,4.92,6.79,3.06,0.0,8.31,6.99,,rsi+analyst+upside,4.53,29.26,-4.8076,0,1,0,,False,131769270272.0
326,BE,Bloom Energy,Industrials,Electrical Equipment & Parts,SP500,5.49,7.91,4.75,9.85,9.85,,,,rsi_only,0.0,69.39,2.9081,1,1,0,,False,81835368448.0
327,LYB,LyondellBasell,Basic Materials,Specialty Chemicals,SP500,5.49,3.69,7.33,3.08,1.05,5.53,6.73,,rsi+analyst+upside,5.19,34.2,-0.5263,0,0,0,,False,19464652800.0
328,SYY,Sysco,Consumer Defensive,Food Distribution,SP500,5.48,4.29,6.01,4.24,2.43,6.5,7.37,,rsi+analyst+upside,7.11,39.74,-0.3357,0,0,0,,False,37602951168.0
329,EVRG,Evergy,Utilities,Utilities - Regulated Electric,SP500,5.48,4.3,6.37,3.42,2.43,,7.4,,rsi+upside,6.52,39.72,-0.1236,0,0,0,,False,18396954624.0
330,OMC,Omnicom Group,Communication Services,Advertising Agencies,SP500,5.47,3.77,6.88,3.46,0.0,7.31,10.0,,rsi+analyst+upside,5.99,26.27,-0.7682,0,0,0,,False,20631334912.0
331,FE,FirstEnergy,Utilities,Utilities - Regulated Electric,SP500,5.47,4.18,6.57,3.43,2.31,,7.91,,rsi+upside,6.13,39.23,-0.0866,0,0,0,,False,25995399168.0
332,HLT,Hilton Worldwide,Consumer Cyclical,Lodging,SP500,5.46,4.35,5.46,4.21,1.96,7.59,7.58,,rsi+analyst+upside,8.5,37.84,-0.3487,0,0,0,,False,69771247616.0
333,APTV,Aptiv,Consumer Cyclical,Auto Parts,SP500,5.46,4.76,5.06,5.82,3.58,8.38,10.0,,rsi+analyst+upside,7.78,44.33,0.1255,0,0,0,,False,9334156288.0
334,FTV,Fortive,Technology,Scientific & Technical Instruments,SP500,5.45,3.73,6.58,1.76,0.25,,7.82,,rsi+upside,7.96,30.99,-0.0654,0,0,0,,False,16867652608.0
335,HAS,Hasbro,Consumer Cyclical,Leisure,SP500,5.45,3.59,7.32,3.61,0.0,8.83,9.2,,rsi+analyst+upside,4.76,24.32,-0.676,0,0,0,,False,12454226944.0
336,MRK,Merck & Co.,Healthcare,Drug Manufacturers - General,SP500,5.45,6.79,4.25,6.73,6.6,8.12,5.69,,rsi+analyst+upside,5.49,56.42,-0.6883,1,1,0,,False,374664691712.0
337,BR,Broadridge Financial Solutions,Technology,Information Technology Services,SP500,5.44,3.32,6.99,2.0,0.0,,10.0,,rsi+upside,7.31,27.56,-1.996,0,0,0,,False,18714398720.0
338,D,Dominion Energy,Utilities,Utilities - Regulated Electric,SP500,5.44,4.07,6.58,3.01,0.64,6.0,7.16,,rsi+analyst+upside,6.36,32.55,-0.1479,0,0,0,,False,55155073024.0
339,ADBE,Adobe Inc.,Technology,Software - Application,SP500,5.44,3.26,7.49,2.48,0.0,5.58,6.84,,rsi+analyst+upside,5.62,27.05,-3.4084,0,0,0,,False,95308578816.0
340,PPL,PPL Corporation,Utilities,Utilities - Regulated Electric,SP500,5.42,3.95,6.38,3.47,2.13,,8.79,,rsi+upside,6.77,38.54,-0.093,0,0,0,,False,24856555520.0
341,HD,Home Depot (The),Consumer Cyclical,Home Improvement Retail,SP500,5.42,3.34,6.77,3.39,0.0,7.64,9.29,,rsi+analyst+upside,6.86,20.84,-1.4426,0,0,0,,False,303873818624.0
342,BIIB,Biogen,Healthcare,Drug Manufacturers - General,SP500,5.41,7.0,4.1,6.35,5.74,7.79,6.75,,rsi+analyst+upside,5.56,52.95,-0.4499,1,1,0,,False,33264687104.0
343,EL,Estée Lauder Companies (The),Consumer Defensive,Household & Personal Products,SP500,5.41,6.01,4.68,3.93,1.84,6.72,7.43,,rsi+analyst+upside,7.37,37.36,-1.2523,1,1,0,,False,36020662272.0
344,WBD,Warner Bros. Discovery,Communication Services,Entertainment,SP500,5.41,8.84,2.64,8.37,10.0,5.66,6.17,,rsi+analyst+upside,4.87,72.75,0.0727,1,1,0,,False,77232349184.0
345,RTX,RTX Corporation,Industrials,Aerospace & Defense,SP500,5.41,4.3,7.3,3.27,0.0,7.83,8.51,,rsi+analyst+upside,3.37,19.3,-0.8086,0,1,0,,False,256208814080.0
346,COST,Costco,Consumer Defensive,Discount Stores,SP500,5.41,3.54,6.73,3.17,0.0,7.63,8.24,,rsi+analyst+upside,6.69,24.18,-2.1719,0,0,0,,False,397902479360.0
347,SYK,Stryker Corporation,Healthcare,Medical Devices,SP500,5.4,2.99,7.29,3.66,0.0,8.3,10.0,,rsi+analyst+upside,5.73,18.94,-1.5651,0,0,0,,False,106010730496.0
348,AIG,American International Group,Financial Services,Insurance - Diversified,SP500,5.4,5.75,4.92,4.63,2.85,6.7,7.9,,rsi+analyst+upside,6.69,41.38,0.0398,0,0,0,,False,39447064576.0
349,GEHC,GE HealthCare,Healthcare,Medical Devices,SP500,5.39,3.17,7.03,3.59,0.0,8.16,9.77,,rsi+analyst+upside,6.08,19.75,-0.5022,0,0,0,,False,29867753472.0
350,SWK,Stanley Black & Decker,Industrials,Tools & Accessories,SP500,5.38,4.7,5.94,2.68,0.0,6.33,7.07,,rsi+analyst+upside,6.89,27.59,-0.611,0,1,0,,False,13898816512.0
351,GM,General Motors,Consumer Cyclical,Auto Manufacturers,SP500,5.38,5.7,4.19,5.9,3.87,8.5,9.39,,rsi+analyst+upside,7.94,45.49,-0.3619,0,1,0,,False,76082462720.0
352,ROP,Roper Technologies,Technology,Software - Application,SP500,5.38,3.0,7.55,2.95,0.0,6.5,8.24,,rsi+analyst+upside,5.23,14.96,-5.5559,0,0,0,,False,35982114816.0
353,TTWO,Take-Two Interactive,Communication Services,Electronic Gaming & Multimedia,SP500,5.37,4.03,5.14,5.31,2.36,9.48,10.0,,rsi+analyst+upside,8.78,39.45,-0.4596,0,0,0,,False,38685319168.0
354,IR,Ingersoll Rand,Industrials,Specialty Industrial Machinery,SP500,5.37,3.54,6.39,3.5,0.0,7.5,10.0,,rsi+analyst+upside,7.21,29.5,-0.0946,0,0,0,,False,28651816960.0
355,IFF,International Flavors & Fragrances,Basic Materials,Specialty Chemicals,SP500,5.37,6.35,3.96,4.14,1.72,7.98,7.55,,rsi+analyst+upside,8.45,36.89,-0.396,1,1,0,,False,21927589888.0
356,GD,General Dynamics,Industrials,Aerospace & Defense,SP500,5.37,4.71,6.69,3.11,0.0,7.29,8.27,,rsi+analyst+upside,4.27,26.68,-0.6784,0,1,0,,False,93035143168.0
357,WEC,WEC Energy Group,Utilities,Utilities - Regulated Electric,SP500,5.37,4.35,6.17,3.94,1.72,6.58,7.98,,rsi+analyst+upside,5.97,36.88,-0.1221,0,0,0,,False,33542936576.0
358,LOW,Lowe's,Consumer Cyclical,Home Improvement Retail,SP500,5.36,3.2,6.78,3.6,0.0,8.0,10.0,,rsi+analyst+upside,6.62,23.9,-0.7597,0,0,0,,False,109730947072.0
359,STE,Steris,Healthcare,Medical Devices,SP500,5.36,3.28,6.91,3.56,0.0,8.06,9.72,,rsi+analyst+upside,6.1,15.35,-1.9663,0,0,0,,False,20339009536.0
360,BDX,Becton Dickinson,Healthcare,Medical Instruments & Supplies,SP500,5.36,6.34,4.98,4.15,2.35,7.32,6.36,,rsi+analyst+upside,5.32,39.42,-1.0742,1,1,0,,False,49759621120.0
361,UPS,United Parcel Service,Industrials,Integrated Freight & Logistics,SP500,5.35,4.12,5.99,2.99,0.0,7.07,7.86,,rsi+analyst+upside,7.49,26.81,-0.4559,0,0,0,,False,81649508352.0
362,NSC,Norfolk Southern,Industrials,Railroads,SP500,5.33,4.29,6.85,2.76,0.0,6.07,7.71,,rsi+analyst+upside,4.57,9.14,-2.291,0,1,0,,False,70556368896.0
363,AEP,American Electric Power,Utilities,Utilities - Regulated Electric,SP500,5.33,4.67,5.59,4.5,2.24,7.5,8.27,,rsi+analyst+upside,6.4,38.97,-0.1847,0,0,0,,False,65406619648.0
364,SRE,Sempra,Utilities,Utilities - Diversified,SP500,5.33,4.36,5.01,6.24,4.48,8.55,9.2,,rsi+analyst+upside,7.61,47.92,-0.117,0,0,0,,False,52985544704.0
365,BMY,Bristol Myers Squibb,Healthcare,Drug Manufacturers - General,SP500,5.33,4.64,7.02,2.46,0.0,6.34,5.96,,rsi+analyst+upside,3.55,24.17,-0.5209,0,1,0,,False,128159916032.0
366,VTR,Ventas,Real Estate,REIT - Healthcare Facilities,SP500,5.32,4.98,5.67,3.28,0.0,8.48,7.92,,rsi+analyst+upside,6.28,26.58,-0.4141,0,1,0,,False,44613509120.0
367,L,Loews Corporation,Financial Services,Insurance - Property & Casualty,SP500,5.32,4.38,6.18,2.45,2.45,,,,rsi_only,6.51,39.79,-0.0326,0,0,0,,False,21752129536.0
368,LDOS,Leidos,Technology,Information Technology Services,SP500,5.31,4.25,6.35,3.08,0.0,6.62,8.77,,rsi+analyst+upside,5.81,29.52,-1.0665,1,0,0,,False,15564797952.0
369,SWKS,Skyworks Solutions,Technology,Semiconductors,SP500,5.31,8.2,2.98,7.0,10.0,5.0,0.0,,rsi+analyst+upside,5.41,70.04,1.3438,1,1,0,,False,13400353792.0
370,FCX,Freeport-McMoRan,Basic Materials,Copper,SP500,5.3,6.27,4.26,4.33,2.82,8.04,5.12,,rsi+analyst+upside,7.12,41.29,-0.6225,1,1,0,,False,107241218048.0
371,CMG,Chipotle Mexican Grill,Consumer Cyclical,Restaurants,SP500,5.3,3.33,6.45,3.61,0.0,8.06,10.0,,rsi+analyst+upside,6.94,22.56,-0.5635,0,0,0,,False,42182709248.0
372,BXP,"BXP, Inc.",Real Estate,REIT - Office,SP500,5.29,4.91,5.07,3.38,0.4,7.16,8.53,,rsi+analyst+upside,7.99,31.58,-0.2757,0,1,0,,False,11579771904.0
373,NOC,Northrop Grumman,Industrials,Aerospace & Defense,SP500,5.26,5.53,5.77,4.8,2.58,7.5,8.76,,rsi+analyst+upside,3.48,40.3,0.469,0,0,0,,False,72187904000.0
374,CME,CME Group,Financial Services,Financial Data & Stock Exchanges,SP500,5.26,6.16,4.97,3.72,2.4,5.94,5.46,,rsi+analyst+upside,5.34,39.61,-1.2906,1,1,0,,False,96581189632.0
375,MOS,Mosaic Company (The),Basic Materials,Agricultural Inputs,SP500,5.25,5.53,3.68,5.75,5.26,6.38,6.56,,rsi+analyst+upside,9.05,51.06,-0.1863,1,0,0,,False,7848843776.0
376,SBAC,SBA Communications,Real Estate,REIT - Specialty,SP500,5.25,3.68,5.81,3.37,0.09,7.14,9.46,,rsi+analyst+upside,7.95,30.35,-1.2698,0,0,0,,False,18873073664.0
377,TMUS,T-Mobile US,Communication Services,Telecom Services,SP500,5.25,3.85,6.52,4.15,0.84,8.24,10.0,,rsi+analyst+upside,4.99,33.37,-1.842,0,0,0,,False,174834745344.0
378,ECL,Ecolab,Basic Materials,Specialty Chemicals,SP500,5.24,3.45,6.32,3.42,0.0,8.65,8.43,,rsi+analyst+upside,6.77,23.2,-1.0688,0,0,0,,False,77146439680.0
379,HAL,Halliburton,Energy,Oil & Gas Equipment & Services,SP500,5.24,3.45,6.35,3.58,0.0,8.12,9.76,,rsi+analyst+upside,6.58,27.37,-0.43,0,0,0,,False,27343337472.0
380,BSX,Boston Scientific,Healthcare,Medical Devices,SP500,5.23,2.83,6.91,3.81,0.16,8.55,10.0,,rsi+analyst+upside,5.91,30.66,-0.2967,0,0,0,,False,64816791552.0
381,PFE,Pfizer,Healthcare,Drug Manufacturers - General,SP500,5.23,6.25,5.03,3.29,1.46,6.34,5.73,,rsi+analyst+upside,5.08,35.83,-0.164,1,1,0,,False,158992400384.0
382,ORLY,O'Reilly Automotive,Consumer Cyclical,Auto Parts,SP500,5.22,3.7,6.5,3.64,0.0,8.66,9.54,,rsi+analyst+upside,5.46,28.83,-0.3404,0,0,0,,False,69780955136.0
383,EXC,Exelon,Utilities,Utilities - Regulated Electric,SP500,5.2,3.96,6.54,2.54,1.26,,7.7,,rsi+upside,5.45,35.02,-0.092,0,0,0,,False,43085221888.0
384,AZO,AutoZone,Consumer Cyclical,Auto Parts,SP500,5.2,3.78,6.6,3.85,0.16,8.8,10.0,,rsi+analyst+upside,4.76,30.62,-10.0925,0,0,0,,False,
385,BAX,Baxter International,Healthcare,Medical Instruments & Supplies,SP500,5.2,4.63,6.31,2.98,0.0,5.58,9.33,,rsi+analyst+upside,4.49,15.19,-0.3036,0,1,0,,False,12296750080.0
386,FRT,Federal Realty Investment Trust,Real Estate,REIT - Retail,SP500,5.19,4.05,5.84,3.22,0.0,7.76,8.34,,rsi+analyst+upside,6.86,22.67,-0.4274,0,0,0,,False,9686825984.0
387,HII,Huntington Ingalls Industries,Industrials,Aerospace & Defense,SP500,5.19,3.13,7.7,2.0,0.0,,10.0,,rsi+upside,3.89,27.66,-0.9664,0,0,0,,False,10681011200.0
388,BA,Boeing,Industrials,Aerospace & Defense,SP500,5.19,4.19,4.82,5.47,2.9,8.66,10.0,,rsi+analyst+upside,8.09,41.59,-0.6977,0,0,0,,False,156643442688.0
389,DOW,Dow Inc.,Basic Materials,Chemicals,SP500,5.19,3.62,6.5,3.52,0.98,6.32,8.35,,rsi+analyst+upside,5.51,33.91,-0.1532,0,0,0,,False,20420573184.0
390,HIG,Hartford (The),Financial Services,Insurance - Diversified,SP500,5.18,4.1,6.26,3.11,0.61,6.52,7.21,,rsi+analyst+upside,5.49,32.44,-0.6416,0,0,0,,False,35129389056.0
391,DPZ,Domino's,Consumer Cyclical,Restaurants,SP500,5.18,3.14,6.29,3.4,0.0,7.1,9.92,,rsi+analyst+upside,7.14,24.08,-4.2669,0,0,0,,False,9885153280.0
392,ALL,Allstate,Financial Services,Insurance - Property & Casualty,SP500,5.17,5.18,6.16,2.67,0.23,6.0,6.65,,rsi+analyst+upside,3.84,30.93,-1.3745,0,1,0,,False,58105491456.0
393,CRL,Charles River Laboratories,Healthcare,Diagnostics & Research,SP500,5.17,6.57,3.7,4.55,3.12,8.12,5.26,,rsi+analyst+upside,7.22,42.47,-2.4868,1,1,0,,False,13924808704.0
394,KIM,Kimco Realty,Real Estate,REIT - Retail,SP500,5.15,3.63,5.82,2.95,0.0,6.52,8.25,,rsi+analyst+upside,7.66,28.78,-0.0719,0,0,0,,False,15122946048.0
395,VMC,Vulcan Materials Company,Basic Materials,Building Materials,SP500,5.15,3.53,5.79,3.56,0.0,7.81,10.0,,rsi+analyst+upside,7.54,28.15,-1.0031,0,0,0,,False,31729944576.0
396,CPRT,Copart,Industrials,Specialty Business Services,SP500,5.13,3.38,5.71,3.53,0.26,6.88,10.0,,rsi+analyst+upside,7.96,31.04,-0.4891,0,0,0,,False,26825388032.0
397,KVUE,Kenvue,Consumer Defensive,Household & Personal Products,SP500,5.11,4.89,5.88,2.42,0.0,5.54,6.58,,rsi+analyst+upside,5.0,28.66,-0.0631,0,1,0,,False,34353035264.0
398,ATO,Atmos Energy,Utilities,Utilities - Regulated Gas,SP500,5.11,3.67,6.46,2.69,0.0,5.71,7.73,,rsi+analyst+upside,5.56,25.95,-0.6091,0,0,0,,False,26717091840.0
399,ETR,Entergy,Utilities,Utilities - Regulated Electric,SP500,5.11,3.94,6.1,3.53,0.35,8.15,8.43,,rsi+analyst+upside,5.54,31.39,-0.402,0,0,0,,False,48518303744.0
400,SYF,Synchrony Financial,Financial Services,Credit Services,SP500,5.11,5.15,4.32,4.83,2.72,7.81,8.17,,rsi+analyst+upside,7.55,40.88,-0.4417,0,1,0,,False,23957055488.0
401,DHI,D. R. Horton,Consumer Cyclical,Residential Construction,SP500,5.11,4.36,5.08,4.34,2.64,5.97,7.81,,rsi+analyst+upside,7.2,40.55,-0.051,0,0,0,,False,40327327744.0
402,KKR,KKR & Co.,Financial Services,Asset Management,SP500,5.1,3.44,6.67,4.18,0.79,8.52,10.0,,rsi+analyst+upside,4.36,33.14,-0.9019,0,0,0,,False,92488351744.0
403,CSGP,CoStar Group,Real Estate,Real Estate Services,SP500,5.09,2.56,6.54,3.56,0.27,7.26,9.7,,rsi+analyst+upside,6.84,31.09,-0.2762,0,0,0,,False,11633222656.0
404,RSG,Republic Services,Industrials,Waste Management,SP500,5.09,4.42,5.54,4.06,1.9,7.5,7.13,,rsi+analyst+upside,5.76,37.58,-1.0751,0,0,0,,False,65666609152.0
405,LIN,Linde plc,Basic Materials,Specialty Chemicals,SP500,5.08,3.25,6.65,3.27,0.0,8.3,8.04,,rsi+analyst+upside,5.24,16.06,-1.0146,0,0,0,,False,214166765568.0
406,WTW,Willis Towers Watson,Financial Services,Insurance Brokers,SP500,5.08,4.68,5.85,3.36,0.0,8.1,8.69,,rsi+analyst+upside,4.71,26.28,-3.4233,0,1,0,,False,27983708160.0
407,FIS,Fidelity National Information Services,Technology,Information Technology Services,SP500,5.07,2.72,6.64,3.36,0.0,6.81,10.0,,rsi+analyst+upside,6.22,22.17,-0.4123,0,0,0,,False,18115923968.0
408,TYL,Tyler Technologies,Technology,Software - Application,SP500,5.07,3.17,6.26,2.1,0.27,,9.4,,rsi+upside,7.28,31.08,-4.3651,0,0,0,,False,13558887424.0
409,SLB,Schlumberger,Energy,Oil & Gas Equipment & Services,SP500,5.07,4.39,5.59,3.43,0.0,8.5,8.66,,rsi+analyst+upside,5.99,21.16,-0.8269,0,1,0,,False,77450018816.0
410,EFX,Equifax,Industrials,Consulting Services,SP500,5.06,2.78,6.85,3.67,0.0,8.33,10.0,,rsi+analyst+upside,5.17,16.99,-2.5913,0,0,0,,False,18824603648.0
411,TSN,Tyson Foods,Consumer Defensive,Farm Products,SP500,5.05,5.63,4.66,4.12,1.99,5.96,8.68,,rsi+analyst+upside,5.65,37.95,0.0147,0,0,0,,False,18293678080.0
412,MRSH,Marsh McLennan,Financial Services,Insurance Brokers,SP500,5.02,3.45,6.62,2.85,0.0,6.2,8.06,,rsi+analyst+upside,4.8,19.1,-1.3285,0,0,0,,False,81080582144.0
413,ES,Eversource Energy,Utilities,Utilities - Regulated Electric,SP500,5.02,4.31,5.09,3.51,1.82,5.62,6.44,,rsi+analyst+upside,7.22,37.28,-0.1896,0,0,0,,False,25041338368.0
414,MGM,MGM Resorts,Consumer Cyclical,Resorts & Casinos,SP500,5.01,3.57,5.87,3.3,0.0,6.48,10.0,,rsi+analyst+upside,6.44,28.55,-0.1733,0,0,0,,False,9872019456.0
415,O,Realty Income,Real Estate,REIT - Retail,SP500,5.0,3.23,6.77,2.93,0.0,6.25,8.38,,rsi+analyst+upside,4.63,10.7,-0.412,0,0,0,,False,53612621824.0
416,SNA,Snap-on,Industrials,Tools & Accessories,SP500,4.99,3.7,6.09,2.6,0.0,6.14,6.86,,rsi+analyst+upside,5.86,23.05,-0.6191,0,0,0,,False,19181453312.0
417,PCAR,Paccar,Industrials,Farm & Heavy Construction Machinery,SP500,4.94,3.86,5.37,3.16,0.0,6.67,9.13,,rsi+analyst+upside,7.01,21.52,-0.8542,0,0,0,,False,59610832896.0
418,IDXX,Idexx Laboratories,Healthcare,Diagnostics & Research,SP500,4.94,3.26,6.38,3.39,0.0,6.96,10.0,,rsi+analyst+upside,4.99,26.76,-0.6378,0,0,0,,False,41249009664.0
419,HSY,Hershey Company (The),Consumer Defensive,Confectioners,SP500,4.94,3.49,6.86,2.96,0.0,6.3,8.51,,rsi+analyst+upside,3.42,29.32,-0.8408,0,0,0,,False,33946390528.0
420,AON,Aon plc,Financial Services,Insurance Brokers,SP500,4.93,3.58,5.76,3.34,0.0,6.88,9.81,,rsi+analyst+upside,6.21,29.05,-2.3971,0,0,0,,False,60821667840.0
421,VRSK,Verisk Analytics,Industrials,Consulting Services,SP500,4.93,3.48,5.64,3.72,0.41,7.37,10.0,,rsi+analyst+upside,6.47,31.64,-0.9582,0,0,0,,False,22434992128.0
422,PEP,PepsiCo,Consumer Defensive,Beverages - Non-Alcoholic,SP500,4.9,3.13,7.15,2.82,0.0,5.83,8.24,,rsi+analyst+upside,3.07,12.61,-0.9266,0,0,0,,False,178877693952.0
423,PNW,Pinnacle West Capital,Utilities,Utilities - Regulated Electric,SP500,4.88,3.87,6.18,2.63,0.0,6.09,7.06,,rsi+analyst+upside,4.49,23.04,-0.1821,0,0,0,,False,11330728960.0
424,VST,Vistra Corp.,Utilities,Utilities - Independent Power Producers,SP500,4.88,4.14,4.06,7.0,6.25,,10.0,,rsi+upside,7.43,55.01,-0.1022,0,0,0,,False,47425253376.0
425,JKHY,Jack Henry & Associates,Technology,Information Technology Services,SP500,4.88,3.73,5.61,3.51,0.24,8.03,8.81,,rsi+analyst+upside,5.92,30.97,-1.8661,0,0,0,,False,10512685056.0
426,PCG,PG&E Corporation,Utilities,Utilities - Regulated Electric,SP500,4.85,4.01,4.8,6.01,4.23,7.35,10.0,,rsi+analyst+upside,5.92,46.92,-0.0893,0,0,0,,False,39075807232.0
427,VMRK,Vivmark Residential,Real Estate,REIT - Residential,SP500,4.85,3.74,5.67,3.16,0.09,7.12,8.39,,rsi+analyst+upside,5.72,30.35,-0.4109,0,0,0,,False,48183226368.0
428,CARR,Carrier Global,Industrials,Building Products & Equipment,SP500,4.83,3.69,4.99,4.27,1.22,7.71,10.0,,rsi+analyst+upside,7.0,34.87,-0.1707,0,0,0,,False,45490380800.0
429,FSLR,First Solar,Technology,Solar,SP500,4.83,3.96,4.61,6.34,4.66,7.71,10.0,,rsi+analyst+upside,6.2,48.63,-0.1911,0,0,0,,False,21644414976.0
430,ALB,Albemarle Corporation,Basic Materials,Specialty Chemicals,SP500,4.82,2.82,6.0,3.52,0.0,7.61,10.0,,rsi+analyst+upside,6.12,27.91,-1.9106,0,0,0,,False,13719268352.0
431,BF-B,Brown–Forman,Consumer Defensive,Beverages - Wineries & Distilleries,SP500,4.82,4.55,4.42,4.96,4.58,4.58,6.49,,rsi+analyst+upside,6.49,48.31,-0.0633,0,0,0,,False,12150725632.0
432,SO,Southern Company,Utilities,Utilities - Regulated Electric,SP500,4.81,4.13,5.61,3.18,0.74,5.87,7.82,,rsi+analyst+upside,4.88,32.98,-0.1127,0,0,0,,False,98183479296.0
433,NKE,"Nike, Inc.",Consumer Cyclical,Footwear & Accessories,SP500,4.8,3.19,5.23,3.42,0.48,5.67,10.0,,rsi+analyst+upside,7.64,31.91,-0.0908,0,0,0,,False,53614981120.0
434,WM,Waste Management,Industrials,Waste Management,SP500,4.8,3.83,5.64,3.4,0.0,8.12,8.85,,rsi+analyst+upside,5.15,29.94,-0.5841,0,0,0,,False,82936905728.0
435,ROL,"Rollins, Inc.",Consumer Cyclical,Personal Services,SP500,4.78,2.56,6.38,3.24,0.0,6.18,10.0,,rsi+analyst+upside,5.47,17.93,-0.1587,0,0,0,,False,15829684224.0
436,NVR,"NVR, Inc.",Consumer Cyclical,Residential Construction,SP500,4.77,4.14,3.81,4.63,3.53,5.83,6.71,,rsi+analyst+upside,8.98,44.12,-4.5853,0,0,0,,False,17004183552.0
437,RCL,Royal Caribbean Group,Consumer Cyclical,Travel Services,SP500,4.76,3.48,6.13,3.62,0.0,8.12,10.0,,rsi+analyst+upside,3.98,27.29,-0.6223,0,0,0,,False,68210974720.0
438,EIX,Edison International,Utilities,Utilities - Regulated Electric,SP500,4.75,3.97,3.96,6.06,5.64,4.85,8.57,,rsi+analyst+upside,7.82,52.54,-0.0264,0,0,0,,False,21310998528.0
439,COO,Cooper Companies (The),Healthcare,Medical Instruments & Supplies,SP500,4.73,2.81,6.02,2.91,0.0,6.25,8.29,,rsi+analyst+upside,5.9,18.07,-1.0684,0,0,0,,False,10489917440.0
440,CHD,Church & Dwight,Consumer Defensive,Household & Personal Products,SP500,4.73,4.85,5.0,2.75,0.0,6.9,6.87,,rsi+analyst+upside,4.99,26.3,-0.2447,0,1,0,,False,22775132160.0
441,CCI,Crown Castle,Real Estate,REIT - Specialty,SP500,4.73,4.1,3.62,5.19,2.9,7.27,9.96,,rsi+analyst+upside,9.01,41.62,-0.0613,0,0,0,,False,31923068928.0
442,ABT,Abbott Laboratories,Healthcare,Medical Devices,SP500,4.73,3.23,5.8,3.31,0.0,8.7,7.87,,rsi+analyst+upside,5.45,25.23,-0.8255,0,0,0,,False,180349206528.0
443,MAS,Masco,Industrials,Building Products & Equipment,SP500,4.69,3.76,4.9,3.31,0.7,6.43,8.01,,rsi+analyst+upside,6.81,32.81,-0.1474,0,0,0,,False,13703540736.0
444,DUK,Duke Energy,Utilities,Utilities - Regulated Electric,SP500,4.64,4.15,5.29,2.34,0.98,,7.8,,rsi+upside,5.21,33.91,-0.213,0,0,0,,False,90693713920.0
445,AOS,A. O. Smith,Industrials,Specialty Industrial Machinery,SP500,4.64,3.75,4.34,3.89,1.5,6.15,8.79,,rsi+analyst+upside,7.83,36.0,-0.2008,0,0,0,,False,7877940736.0
446,AXON,Axon Enterprise,Industrials,Aerospace & Defense,SP500,4.62,3.07,5.47,3.67,0.0,8.33,10.0,,rsi+analyst+upside,5.81,28.05,-7.9595,0,0,0,,False,37373272064.0
447,ESS,Essex Property Trust,Real Estate,REIT - Residential,SP500,4.61,4.82,4.34,2.64,0.0,6.06,7.14,,rsi+analyst+upside,6.33,28.03,-0.5259,0,1,0,,False,18989975552.0
448,MCD,McDonald's,Consumer Cyclical,Restaurants,SP500,4.6,3.33,5.87,3.32,0.0,7.29,9.34,,rsi+analyst+upside,4.19,21.2,-0.7511,0,0,0,,False,177373970432.0
449,BKR,Baker Hughes,Energy,Oil & Gas Equipment & Services,SP500,4.58,3.61,4.53,3.52,0.0,8.23,9.38,,rsi+analyst+upside,7.37,25.64,-0.6542,0,0,0,,False,56373960704.0
450,APD,Air Products,Basic Materials,Specialty Chemicals,SP500,4.56,3.67,5.14,3.28,0.0,7.84,8.57,,rsi+analyst+upside,5.45,16.76,-2.2994,0,0,0,,False,64006500352.0
451,ALGN,Align Technology,Healthcare,Medical Instruments & Supplies,SP500,4.56,3.66,5.23,3.7,0.28,7.65,10.0,,rsi+analyst+upside,4.9,31.11,-0.273,0,0,0,,False,10849207296.0
452,IP,International Paper,Consumer Cyclical,Packaging & Containers,SP500,4.54,3.78,3.87,4.62,1.52,8.54,10.0,,rsi+analyst+upside,8.02,36.08,-0.0849,0,0,0,,False,19000967168.0
453,LNT,Alliant Energy,Utilities,Utilities - Regulated Electric,SP500,4.53,3.84,5.07,3.17,0.0,7.69,8.16,,rsi+analyst+upside,5.2,25.45,-0.1219,0,0,0,,False,16835355648.0
454,CVNA,Carvana,Consumer Cyclical,Auto & Truck Dealerships,SP500,4.52,3.57,7.0,2.96,1.31,,9.57,,rsi+upside,0.0,35.23,-0.9633,0,0,0,,False,74522017792.0
455,VICI,Vici Properties,Real Estate,REIT - Diversified,SP500,4.48,3.57,4.67,3.58,0.0,7.9,10.0,,rsi+analyst+upside,6.32,29.15,-0.0735,0,0,0,,False,26513946624.0
456,CL,Colgate-Palmolive,Consumer Defensive,Household & Personal Products,SP500,4.48,4.06,5.12,2.91,0.0,7.38,7.19,,rsi+analyst+upside,4.43,28.13,-0.1725,0,0,0,,False,69433753600.0
457,GPC,Genuine Parts Company,Consumer Cyclical,Auto Parts,SP500,4.48,4.83,4.37,1.32,0.0,,6.6,,rsi+upside,6.22,29.38,-1.3141,0,1,0,,False,18107191296.0
458,WY,Weyerhaeuser,Real Estate,REIT - Specialty,SP500,4.46,3.28,4.89,3.67,0.0,8.33,10.0,,rsi+analyst+upside,6.04,15.89,-0.1503,0,0,0,,False,15499426816.0
459,PHM,PulteGroup,Consumer Cyclical,Residential Construction,SP500,4.43,3.98,3.88,3.81,1.04,7.5,8.42,,rsi+analyst+upside,7.41,34.17,-0.2442,0,0,0,,False,23290765312.0
460,TSCO,Tractor Supply,Consumer Cyclical,Specialty Retail,SP500,4.41,3.08,5.36,2.79,0.0,7.25,6.69,,rsi+analyst+upside,5.28,29.31,-0.3497,0,0,0,,False,17220376576.0
461,MKC,McCormick & Company,Consumer Defensive,Packaged Foods,SP500,4.41,2.7,5.93,3.15,0.0,6.83,8.94,,rsi+analyst+upside,4.13,9.56,-0.4862,0,0,0,,False,13265135616.0
462,CTVA,Corteva,Basic Materials,Agricultural Inputs,SP500,4.4,4.91,3.46,4.02,1.51,8.1,7.5,,rsi+analyst+upside,6.49,36.04,-0.7565,0,1,0,,False,54062895104.0
463,EG,Everest Group,Financial Services,Insurance - Reinsurance,SP500,4.4,5.68,2.81,5.14,4.27,6.41,6.49,,rsi+analyst+upside,6.09,47.09,-0.4169,0,1,0,,False,14200232960.0
464,PTC,PTC Inc.,Technology,Software - Application,SP500,4.35,3.09,4.22,3.47,0.0,7.75,9.59,,rsi+analyst+upside,7.84,28.54,-1.1846,0,0,0,,False,14843657216.0
465,ERIE,Erie Indemnity,Financial Services,Insurance Brokers,SP500,4.35,3.54,5.66,0.39,0.39,,,,rsi_only,4.68,31.58,-2.1415,0,0,0,,False,12178833408.0
466,XEL,Xcel Energy,Utilities,Utilities - Regulated Electric,SP500,4.34,3.93,4.64,2.67,0.97,,9.49,,rsi+upside,5.38,33.89,-0.262,0,0,0,,False,45004902400.0
467,ARES,Ares Management,Financial Services,Asset Management,SP500,4.34,3.24,5.09,3.15,0.0,7.5,8.23,,rsi+analyst+upside,5.06,26.42,-1.5777,0,0,0,,False,41963020288.0
468,VZ,Verizon,Communication Services,Telecom Services,SP500,4.33,5.18,3.89,3.25,1.15,6.6,6.21,,rsi+analyst+upside,4.66,34.61,-0.4535,0,1,0,,False,194755084288.0
469,AEE,Ameren,Utilities,Utilities - Regulated Electric,SP500,4.3,4.0,4.41,3.19,0.0,7.97,7.96,,rsi+analyst+upside,5.34,29.86,-0.2348,0,0,0,,False,28171571200.0
470,MAA,Mid-America Apartment Communities,Real Estate,REIT - Residential,SP500,4.24,3.14,5.08,2.88,0.0,6.15,8.24,,rsi+analyst+upside,4.81,12.3,-0.8116,0,0,0,,False,14257810432.0
471,CCL,Carnival Corporation,Consumer Cyclical,Travel Services,SP500,4.23,3.43,5.62,4.13,0.74,8.42,10.0,,rsi+analyst+upside,1.74,32.97,-0.0154,0,0,0,,False,31221151744.0
472,SJM,J.M. Smucker Company (The),Consumer Defensive,Packaged Foods,SP500,4.22,4.4,4.78,2.95,0.0,7.24,7.51,,rsi+analyst+upside,3.04,17.21,-0.9556,0,1,0,,False,12926673920.0
473,STZ,Constellation Brands,Consumer Defensive,Beverages - Brewers,SP500,4.16,3.29,4.84,3.48,0.0,7.4,10.0,,rsi+analyst+upside,4.34,23.42,-0.6986,0,0,0,,False,20061825024.0
474,DTE,DTE Energy,Utilities,Utilities - Regulated Electric,SP500,4.14,3.59,4.75,3.26,0.0,7.65,8.67,,rsi+analyst+upside,4.0,20.62,-0.514,0,0,0,,False,26208690176.0
475,DASH,DoorDash,Consumer Cyclical,Internet Retail,SP500,4.13,3.97,4.87,3.68,0.0,8.39,10.0,,rsi+analyst+upside,2.51,14.53,-3.261,0,1,0,,False,84382605312.0
476,UDR,"UDR, Inc.",Real Estate,REIT - Residential,SP500,4.1,2.85,5.12,3.08,0.0,6.59,8.83,,rsi+analyst+upside,4.18,7.56,-0.1659,0,0,0,,False,12600592384.0
477,SBUX,Starbucks,Consumer Cyclical,Restaurants,SP500,4.07,3.19,4.28,2.89,0.0,6.62,7.85,,rsi+analyst+upside,5.96,11.32,-0.9071,0,0,0,,False,108322799616.0
478,NCLH,Norwegian Cruise Line Holdings,Consumer Cyclical,Travel Services,SP500,4.04,2.82,5.4,3.35,0.0,6.76,10.0,,rsi+analyst+upside,2.85,22.54,-0.0081,0,0,0,,False,6665111552.0
479,FISV,Fiserv,Financials,Financials,SP500,4.02,2.62,3.91,3.09,0.0,5.76,9.68,,rsi+analyst+upside,7.77,27.73,-0.4793,0,0,0,,False,24673976320.0
480,KHC,Kraft Heinz,Consumer Defensive,Packaged Foods,SP500,4.0,5.02,3.48,3.12,1.8,4.74,5.45,,rsi+analyst+upside,4.13,37.19,-0.0517,0,1,0,,False,28613926912.0
481,LVS,Las Vegas Sands,Consumer Cyclical,Resorts & Casinos,SP500,3.99,2.68,4.24,3.6,0.0,7.98,10.0,,rsi+analyst+upside,6.15,20.56,-0.3453,0,0,0,,False,25817368576.0
482,F,Ford Motor Company,Consumer Cyclical,Auto Manufacturers,SP500,3.93,4.03,3.43,4.58,2.53,6.62,8.68,,rsi+analyst+upside,4.84,40.1,-0.086,0,0,0,,False,52262227968.0
483,LEN,Lennar,Consumer Cyclical,Residential Construction,SP500,3.92,3.51,3.54,2.96,1.33,3.95,6.85,,rsi+analyst+upside,6.54,35.31,-0.4282,0,0,0,,False,19982249984.0
484,PSKY,Paramount Skydance Corporation,Communication Services,Entertainment,SP500,3.91,4.79,2.83,2.77,1.92,3.93,4.13,,rsi+analyst+upside,6.17,37.69,-0.1227,1,0,0,,False,11236286464.0
485,COIN,Coinbase,Financial Services,Financial Data & Stock Exchanges,SP500,3.89,7.48,2.25,6.39,6.21,7.65,5.67,,rsi+analyst+upside,0.0,54.83,0.8405,1,1,0,,False,53089583104.0
486,EQT,EQT Corporation,Energy,Oil & Gas E&P,SP500,3.89,3.43,3.73,3.77,0.0,8.85,10.0,,rsi+analyst+upside,5.38,25.03,-0.6525,0,0,0,,False,31744937984.0
487,ACGL,Arch Capital Group,Financial Services,Insurance - Diversified,SP500,3.88,4.41,2.9,4.41,2.55,6.88,7.54,,rsi+analyst+upside,5.43,40.21,-0.1096,0,0,0,,False,32461125632.0
488,HRL,Hormel Foods,Consumer Defensive,Packaged Foods,SP500,3.84,4.87,3.28,3.05,0.0,6.0,9.24,,rsi+analyst+upside,4.01,24.35,0.0057,0,0,0,,False,11309708288.0
489,ZTS,Zoetis,Healthcare,Drug Manufacturers - Specialty & Generic,SP500,3.82,2.2,4.6,3.39,0.0,6.94,10.0,,rsi+analyst+upside,5.03,13.8,-0.3702,0,0,0,,False,30045489152.0
490,LULU,Lululemon Athletica,Consumer Cyclical,Apparel Retail,SP500,3.81,2.8,3.56,2.41,0.42,4.5,6.29,,rsi+analyst+upside,7.49,31.7,-0.6614,0,0,0,,False,11426381824.0
491,CHTR,Charter Communications,Communication Services,Telecom Services,SP500,3.79,2.85,3.6,3.24,0.43,4.89,10.0,,rsi+analyst+upside,6.61,31.73,-2.7359,0,0,0,,False,15502642176.0
492,CPT,Camden Property Trust,Real Estate,REIT - Residential,SP500,3.78,3.51,3.6,2.8,0.0,6.04,7.94,,rsi+analyst+upside,5.51,15.98,-0.434,0,0,0,,False,11541431296.0
493,PEG,Public Service Enterprise Group,Utilities,Utilities - Regulated Electric,SP500,3.75,3.67,3.49,3.09,0.0,6.7,8.75,,rsi+analyst+upside,5.15,25.58,-0.1768,0,0,0,,False,34552967168.0
494,KMB,Kimberly-Clark,Consumer Defensive,Household & Personal Products,SP500,3.74,3.29,4.31,2.93,0.0,6.41,8.26,,rsi+analyst+upside,3.46,20.93,-0.5536,0,0,0,,False,32941955072.0
495,XYZ,"Block, Inc.",Technology,Software - Infrastructure,SP500,3.71,5.33,3.13,5.08,2.32,8.62,9.81,,rsi+analyst+upside,1.32,39.29,-0.521,0,1,0,,False,46753865728.0
496,PNR,Pentair,Industrials,Specialty Industrial Machinery,SP500,3.62,2.06,3.8,3.38,0.0,6.88,10.0,,rsi+analyst+upside,6.38,14.65,-0.0745,0,0,0,,False,8931215360.0
497,CMS,CMS Energy,Utilities,Utilities - Regulated Electric,SP500,3.57,3.37,3.74,3.06,0.0,6.83,8.44,,rsi+analyst+upside,3.78,21.23,-0.1843,0,0,0,,False,20150468608.0
498,CLX,Clorox,Consumer Defensive,Household & Personal Products,SP500,3.54,3.02,3.79,2.6,0.0,4.47,8.54,,rsi+analyst+upside,4.48,17.64,-1.0136,0,0,0,,False,10510114816.0
499,CMCSA,Comcast,Communication Services,Telecom Services,SP500,3.43,3.19,2.99,3.21,0.0,6.07,10.0,,rsi+analyst+upside,5.39,20.76,-0.4454,0,0,0,,False,80465330176.0
500,GIS,General Mills,Consumer Defensive,Packaged Foods,SP500,3.06,2.88,4.04,2.1,0.0,4.88,5.62,,rsi+analyst+upside,1.12,12.45,-0.3904,0,0,0,,False,19032807424.0
501,EXE,Expand Energy,Energy,Oil & Gas E&P,SP500,2.96,3.19,2.44,3.73,0.0,8.66,10.0,,rsi+analyst+upside,3.56,19.43,-1.3777,0,0,0,,False,20221855744.0
