Ticker,days_to_earnings,next_earnings_date,Ext_Rating_Score,num_analysts,price_target_mean,Ext_Up_Downside_Pct,Catalyst_Flag,Tech,Sent,Momentum,Cat_Bonus,Vol_Drag,ATR_Pct,Vol_Bucket,SwingScore,Swing_Rank,Swing_Tier
AES,54.0,2026-11-04,3.0,8.0,15.0,1.3513513513513469,True,97.16,50.0,96.66,100.0,66.49,0.0032,Low,87.32,1,A
CTVA,53.0,2026-11-03,4.13636,20.0,92.1,10.425034470355486,True,89.04,50.0,94.24,100.0,100.0,0.0282,Med,87.22,2,A
HUM,55.0,2026-11-06,3.80769,23.0,418.6087,2.375597647317776,True,86.29,50.0,87.96,100.0,100.0,0.0363,High,84.69,3,A
PFG,45.0,2026-10-26,3.0,12.0,111.83333,-3.591956896551721,True,81.31,50.0,88.92,100.0,100.0,0.0221,Med,83.19,4,A
BRK-B,57.0,2026-11-07,,3.0,547.6667,7.877230335337955,True,77.15,50.0,97.33,100.0,84.45,0.0122,Low,82.28,5,A
HAL,38.0,2026-10-20,4.25,25.0,43.12,21.140609636184852,True,86.75,50.0,76.99,100.0,100.0,0.0304,Med,82.11,6,A
CAH,54.0,2026-11-05,4.5,16.0,270.9375,16.264724183062633,True,72.37,50.0,97.1,100.0,100.0,0.0227,Med,82.11,7,A
AMD,53.0,2026-11-03,4.5185200000000005,49.0,615.3755,19.441683973525347,True,77.08,50.0,94.72,100.0,89.18,0.0454,High,82.08,8,A
AWK,47.0,2026-10-28,3.38462,11.0,141.45454,2.133241877256324,True,79.54,50.0,85.92,100.0,100.0,0.0201,Med,81.82,9,A
INTC,41.0,2026-10-22,3.53061,43.0,115.74419,12.144356167038088,True,78.35,50.0,93.99,100.0,70.62,0.0547,High,80.48,10,A
NWSA,55.0,2026-11-05,,8.0,36.1625,22.897196261682247,True,72.76,50.0,89.59,100.0,100.0,0.0229,Med,80.36,11,A
BMY,47.0,2026-10-29,3.53571,24.0,66.20833,4.37192401671002,True,67.44,50.0,96.97,100.0,100.0,0.0235,Med,80.35,12,A
GLW,45.0,2026-10-27,4.52941,16.0,194.3125,16.518753935178253,True,77.53,50.0,92.96,100.0,73.6,0.0532,High,80.23,13,A
TSLA,40.0,2026-10-21,3.62222,39.0,390.09283,6.591477443506289,True,71.18,50.0,91.16,100.0,99.38,0.0403,High,80.14,14,A
AAPL,48.0,2026-10-29,3.81818,39.0,324.40155,-2.894138952914062,True,73.01,50.0,88.01,100.0,100.0,0.0242,Med,80.06,15,A
KDP,44.0,2026-10-26,4.16667,17.0,36.20588,15.176968347383497,True,66.5,50.0,96.92,100.0,100.0,0.0246,Med,80.0,16,A
TER,40.0,2026-10-21,4.35294,15.0,446.46667,16.67908113264254,True,77.77,50.0,96.13,100.0,61.71,0.0591,High,79.92,17,A
TKO,54.0,2026-11-04,,19.0,231.15788,21.90585381288893,True,65.59,50.0,97.81,100.0,100.0,0.0305,Med,79.91,18,A
RSG,48.0,2026-10-29,4.0,24.0,245.91667,10.26664424715272,True,67.98,50.0,94.27,100.0,100.0,0.0171,Med,79.86,19,A
TECH,58.0,2026-11-09,3.14286,11.0,70.72727,-2.229375172795133,True,73.42,50.0,98.83,100.0,67.7,0.0039,Low,79.67,20,A
CVX,48.0,2026-10-30,4.28,24.0,221.20833,3.469914401983253,True,93.15,50.0,58.29,100.0,100.0,0.0199,Med,79.67,21,A
WFC,31.0,2026-10-13,4.11538,23.0,100.63043,11.101772012144632,True,72.07,50.0,87.47,100.0,100.0,0.0203,Med,79.59,22,A
STX,46.0,2026-10-27,4.5600000000000005,23.0,1125.0,35.544618276233905,True,79.94,50.0,94.15,100.0,54.56,0.0627,High,79.47,23,A
MA,47.0,2026-10-29,4.61538,36.0,668.5278,17.320569292596023,True,64.81,50.0,97.07,100.0,100.0,0.0166,Med,79.45,24,A
KEYS,74.0,2026-11-24,4.41667,12.0,415.08334,23.206690412585356,False,79.52,50.0,99.87,60.0,100.0,0.0323,Med,79.3,25,A
C,31.0,2026-10-13,,20.0,155.2,11.69887365504336,True,69.55,50.0,88.91,100.0,100.0,0.0215,Med,79.07,26,A
GILD,48.0,2026-10-29,4.25,27.0,157.40741,9.485574180983509,True,76.26,50.0,79.45,100.0,100.0,0.0247,Med,79.05,27,A
AIZ,53.0,2026-11-03,4.57143,6.0,330.0,16.743906321859406,True,61.47,50.0,99.72,100.0,100.0,0.0191,Med,78.94,28,A
ICE,47.0,2026-10-29,4.53333,14.0,187.2857,18.836104060913705,True,72.28,50.0,84.36,100.0,100.0,0.022,Med,78.89,29,A
GPN,52.0,2026-11-03,3.65714,29.0,103.41379,15.954241184055618,True,70.51,50.0,86.56,100.0,100.0,0.0328,Med,78.82,30,A
ADM,52.0,2026-11-03,3.0,10.0,80.1,-8.310439560439567,True,81.0,50.0,71.77,100.0,100.0,0.0301,Med,78.79,31,A
ECHO,54.0,2026-11-05,4.85714,8.0,131.125,41.8948165782924,True,64.77,50.0,94.11,100.0,100.0,0.0357,High,78.7,32,A
ADP,46.0,2026-10-28,3.27778,15.0,287.6,7.634730538922168,True,63.46,50.0,95.81,100.0,100.0,0.0225,Med,78.66,33,A
IFF,53.0,2026-11-03,4.19048,18.0,95.65556,13.821465968586372,True,67.71,50.0,89.66,100.0,100.0,0.0232,Med,78.61,34,A
CPAY,54.0,2026-11-04,4.3125,15.0,461.0,12.444509488267716,True,74.7,50.0,79.8,100.0,100.0,0.0234,Med,78.6,35,A
COR,53.0,2026-11-04,4.2666699999999995,13.0,369.30768,15.648983042886004,True,66.44,50.0,91.27,100.0,100.0,0.0228,Med,78.57,36,A
BAC,32.0,2026-10-14,4.45833,21.0,69.0,9.715376053426615,True,64.33,50.0,93.95,100.0,100.0,0.0172,Med,78.5,37,A
VRTX,52.0,2026-11-02,4.33333,27.0,569.1852,10.621279407620484,True,62.1,50.0,96.66,100.0,100.0,0.0257,Med,78.4,38,A
ROP,40.0,2026-10-22,3.6,15.0,445.2,14.893287568711443,True,60.1,50.0,98.64,100.0,100.0,0.0274,Med,78.2,39,A
QCOM,48.0,2026-10-29,3.44444,29.0,193.89655,4.769303506781217,True,74.59,50.0,78.31,100.0,100.0,0.0396,High,78.18,40,A
SCHW,33.0,2026-10-15,4.27273,20.0,124.95,17.169917479369843,True,62.67,50.0,94.34,100.0,100.0,0.0195,Med,78.02,41,A
NWS,55.0,2026-11-05,,,,,True,61.65,50.0,95.74,100.0,100.0,0.0243,Med,78.01,42,A
JNJ,31.0,2026-10-13,4.0869599999999995,22.0,277.9091,4.63445030120482,True,63.49,50.0,92.59,100.0,100.0,0.0208,Med,77.87,43,A
ABBV,47.0,2026-10-29,4.32258,29.0,277.31033,7.618103849736111,True,59.23,50.0,98.53,100.0,100.0,0.0225,Med,77.86,44,A
MOS,53.0,2026-11-03,3.55,18.0,26.77222,5.464723261768758,True,91.99,50.0,54.05,100.0,95.53,0.0422,High,77.76,45,A
V,46.0,2026-10-27,4.55,37.0,419.36163,12.98066436769222,True,60.05,50.0,96.99,100.0,100.0,0.0165,Med,77.76,46,A
PFE,52.0,2026-11-03,3.53571,26.0,28.875,4.581673306772911,True,75.11,50.0,75.54,100.0,100.0,0.0206,Med,77.67,47,A
BIIB,47.0,2026-10-29,4.17143,31.0,237.18774,8.771778409612029,True,65.79,50.0,88.34,100.0,100.0,0.0288,Med,77.61,48,A
WAT,48.0,2026-10-30,4.32,24.0,442.70834,8.379440853897375,True,63.17,50.0,91.75,100.0,100.0,0.0302,Med,77.55,49,A
WBD,54.0,2026-11-05,3.26316,11.0,29.81818,6.51252009287373,True,71.53,50.0,84.88,100.0,86.16,0.0131,Low,77.37,50,A
MCK,54.0,2026-11-04,4.38889,15.0,980.73334,11.769578100426228,True,65.62,50.0,87.6,100.0,100.0,0.0263,Med,77.37,51,A
CF,54.0,2026-11-04,2.95238,19.0,124.72211,-6.610175964058413,True,85.85,50.0,59.08,100.0,100.0,0.0395,High,77.32,52,A
TRV,33.0,2026-10-15,,24.0,360.33334,-3.656763188150042,True,59.13,50.0,96.24,100.0,100.0,0.0186,Med,77.26,53,A
CMG,47.0,2026-10-28,4.25714,32.0,43.82812,21.373913043478257,True,65.08,50.0,87.64,100.0,100.0,0.032,Med,77.19,54,A
PM,39.0,2026-10-21,4.3125,15.0,207.26666,7.059225206611575,True,58.07,50.0,96.75,100.0,100.0,0.025,Med,77.01,55,A
JKHY,53.0,2026-11-03,4.23529,15.0,191.53333,18.4644544779812,True,65.61,50.0,86.2,100.0,100.0,0.0284,Med,77.01,56,A
NUE,45.0,2026-10-26,4.47059,16.0,283.6875,9.517053680004622,True,61.8,50.0,91.49,100.0,100.0,0.032,Med,77.0,57,A
JPM,31.0,2026-10-13,3.875,21.0,376.14285,5.400524000336258,True,57.61,50.0,97.35,100.0,100.0,0.0166,Med,77.0,58,A
ABNB,55.0,2026-11-05,3.93333,40.0,182.125,7.619807362760746,True,61.21,50.0,92.3,100.0,100.0,0.0324,Med,77.0,59,A
MU,19.0,2026-09-30,4.65306,45.0,1513.1111,54.59154253254053,True,78.76,50.0,79.49,100.0,69.95,0.055,High,76.93,60,A
ELV,39.0,2026-10-21,4.22727,21.0,450.0476,7.965214888027915,True,70.59,50.0,78.73,100.0,100.0,0.0272,Med,76.89,61,A
T,39.0,2026-10-21,3.92,23.0,28.70652,9.944542320949834,True,77.29,50.0,69.13,100.0,100.0,0.0214,Med,76.83,62,A
DGX,38.0,2026-10-20,3.88235,15.0,246.73334,6.640160781432335,True,58.12,50.0,95.95,100.0,100.0,0.0226,Med,76.83,63,A
MSI,55.0,2026-11-05,,11.0,526.8182,12.327974413646066,True,65.42,50.0,85.58,100.0,100.0,0.0217,Med,76.79,64,A
AMP,47.0,2026-10-29,,11.0,579.4545,5.059287462605403,True,61.65,50.0,90.58,100.0,100.0,0.0209,Med,76.72,65,A
RVTY,44.0,2026-10-26,3.63158,17.0,126.11765,1.830964876867181,True,63.99,50.0,86.92,100.0,100.0,0.0319,Med,76.63,66,A
BDX,54.0,2026-11-05,3.92857,12.0,195.66667,11.12373353021354,True,64.53,50.0,86.1,100.0,100.0,0.0246,Med,76.61,67,A
GPC,38.0,2026-10-20,,8.0,140.375,4.788742908330839,True,64.93,50.0,85.32,100.0,100.0,0.0243,Med,76.56,68,A
MRK,47.0,2026-10-29,4.25,26.0,152.96153,5.272904335856847,True,73.32,50.0,73.36,100.0,100.0,0.0267,Med,76.5,69,A
CDW,52.0,2026-11-03,4.2,9.0,158.88889,4.974160940803375,True,62.87,50.0,91.9,100.0,89.32,0.0453,High,76.41,70,A
FAST,32.0,2026-10-14,3.27778,13.0,48.53077,-1.550319505020803,True,55.75,50.0,97.3,100.0,100.0,0.0221,Med,76.34,71,A
BG,53.0,2026-11-04,4.44444,9.0,141.77779,15.15415042235218,True,80.1,50.0,63.13,100.0,100.0,0.0348,Med,76.32,72,A
EXPD,52.0,2026-11-03,2.82353,14.0,177.7143,-7.416358426673603,True,68.7,50.0,78.96,100.0,100.0,0.0193,Med,76.28,73,A
MSFT,47.0,2026-10-28,4.63636,52.0,572.91516,15.637530641923709,True,79.54,50.0,63.12,100.0,100.0,0.0223,Med,76.12,74,A
HAS,40.0,2026-10-22,4.53333,14.0,109.64286,19.202935420743632,True,56.48,50.0,95.31,100.0,100.0,0.0245,Med,76.1,75,A
OKE,46.0,2026-10-27,3.66667,19.0,100.89474,4.144033856317097,True,65.44,50.0,82.45,100.0,100.0,0.0259,Med,76.02,76,A
MET,59.0,2026-11-09,4.05556,16.0,105.0625,8.334192617034436,True,58.87,50.0,91.22,100.0,100.0,0.0188,Med,75.91,77,A
CME,39.0,2026-10-21,3.375,15.0,283.6,3.2023289665211103,True,67.25,50.0,79.33,100.0,100.0,0.021,Med,75.87,78,A
REGN,46.0,2026-10-28,4.10714,27.0,849.3174,8.554224875062314,True,69.56,50.0,75.67,100.0,100.0,0.0254,Med,75.76,79,A
BNY,33.0,2026-10-15,3.875,14.0,167.7857,2.9739799766662416,True,59.48,50.0,89.13,100.0,100.0,0.0169,Med,75.6,80,A
ANET,53.0,2026-11-03,4.74194,28.0,241.03607,21.63089689110517,True,58.93,50.0,90.57,100.0,98.02,0.041,High,75.57,81,A
SOLV,55.0,2026-11-05,3.8,13.0,93.92308,8.119120524922291,True,61.61,50.0,85.93,100.0,100.0,0.0258,Med,75.54,82,A
CBOE,48.0,2026-10-30,2.94118,14.0,315.64285,12.059234933877695,True,52.25,50.0,98.9,100.0,100.0,0.0369,High,75.51,83,A
IQV,52.0,2026-11-03,4.57143,18.0,276.27777,6.101528476515991,True,79.74,50.0,60.26,100.0,100.0,0.029,Med,75.47,84,A
TMO,39.0,2026-10-21,4.48276,27.0,645.14813,5.540526436330334,True,64.44,50.0,81.53,100.0,100.0,0.0258,Med,75.44,85,A
STT,32.0,2026-10-14,3.9375,14.0,199.5,3.1460848434712965,True,59.71,50.0,88.17,100.0,100.0,0.0207,Med,75.44,86,A
EL,51.0,2026-11-02,3.65517,27.0,107.03704,10.506958496799507,True,73.78,50.0,68.41,100.0,100.0,0.0352,High,75.43,87,A
GM,38.0,2026-10-20,4.26923,25.0,101.64,17.816158571925357,True,59.37,50.0,88.05,100.0,100.0,0.0267,Med,75.29,88,A
MDLZ,46.0,2026-10-27,4.04167,23.0,69.13043,10.555621301775153,True,54.39,50.0,94.88,100.0,100.0,0.021,Med,75.26,89,A
VRSN,41.0,2026-10-22,4.0,5.0,321.4,10.170363006889918,True,59.06,50.0,87.99,100.0,100.0,0.0273,Med,75.17,90,A
INCY,45.0,2026-10-27,3.71429,23.0,127.73913,4.259818805093052,True,54.78,50.0,93.96,100.0,100.0,0.0287,Med,75.16,91,A
NTRS,39.0,2026-10-21,3.0,13.0,184.26923,-2.461766885454157,True,55.82,50.0,92.42,100.0,100.0,0.0198,Med,75.14,92,A
DXCM,48.0,2026-10-29,4.67857,25.0,94.12,12.901097582918505,True,58.3,50.0,88.42,100.0,100.0,0.0302,Med,75.01,93,A
APO,52.0,2026-11-03,4.2381,19.0,153.47368,18.77848463741196,True,51.1,50.0,98.43,100.0,100.0,0.0311,Med,74.99,94,A
FOX,47.0,2026-10-29,,,,,True,66.87,50.0,75.86,100.0,100.0,0.0292,Med,74.87,95,A
TRGP,54.0,2026-11-05,4.54545,21.0,318.0476,9.02121824975147,True,62.83,50.0,80.79,100.0,100.0,0.0264,Med,74.69,96,A
CRL,53.0,2026-11-04,4.25,14.0,281.0,1.4660215209070566,True,65.51,50.0,76.59,100.0,100.0,0.0331,Med,74.57,97,A
KO,38.0,2026-10-20,4.25,23.0,94.69565,7.212737050665154,True,52.94,50.0,93.42,100.0,100.0,0.0158,Med,74.38,98,A
HOOD,54.0,2026-11-04,4.34483,27.0,128.89407,13.803699452586962,True,85.65,50.0,61.4,100.0,65.04,0.0575,High,74.33,99,A
CEG,58.0,2026-11-09,4.45455,20.0,348.304,22.22694015054481,True,66.47,50.0,73.65,100.0,100.0,0.0341,Med,74.18,100,A
GDDY,48.0,2026-10-29,,15.0,104.53333,7.169704736518351,True,57.77,50.0,89.98,100.0,89.18,0.0454,High,74.13,101,A
SLB,41.0,2026-10-23,4.4,29.0,62.24138,11.334191932743042,True,74.18,50.0,62.12,100.0,100.0,0.0342,Med,73.99,102,A
BBY,73.0,2026-11-24,3.2,20.0,86.7,-4.662309943160254,False,75.16,50.0,84.02,60.0,100.0,0.0377,High,73.81,103,A
FOXA,47.0,2026-10-29,,17.0,75.32941,14.761441194393656,True,64.53,50.0,74.73,100.0,100.0,0.0296,Med,73.77,104,A
IVZ,45.0,2026-10-27,3.57143,13.0,33.96154,4.448838997385819,True,58.26,50.0,83.37,100.0,100.0,0.0281,Med,73.73,105,A
J,69.0,2026-11-19,4.0625,15.0,162.53333,15.255516947950644,False,65.98,50.0,96.28,60.0,100.0,0.0233,Med,73.66,106,A
CMCSA,47.0,2026-10-29,3.39286,22.0,30.12682,19.148981609649983,True,48.08,50.0,96.1,100.0,100.0,0.0299,Med,73.35,107,A
DE,74.0,2026-11-25,4.0,22.0,685.19,0.3426814088013519,False,88.04,50.0,64.06,60.0,100.0,0.0274,Med,73.33,108,A
LYB,48.0,2026-10-30,3.21053,17.0,68.35294,5.069464299438931,True,61.47,50.0,77.1,100.0,100.0,0.0333,Med,73.29,109,A
EOG,55.0,2026-11-05,3.65625,28.0,159.82143,8.892437146555823,True,55.22,50.0,85.28,100.0,100.0,0.024,Med,73.15,110,A
META,47.0,2026-10-28,4.66129,57.0,757.31085,16.407281307161398,True,65.56,50.0,70.56,100.0,100.0,0.0333,Med,73.09,111,A
VZ,38.0,2026-10-20,3.64,22.0,51.58182,1.9504298843759296,True,64.28,50.0,71.71,100.0,100.0,0.0187,Med,72.93,112,A
DVN,54.0,2026-11-04,4.68966,28.0,59.85714,20.231274480265157,True,73.67,50.0,57.85,100.0,100.0,0.0245,Med,72.75,113,A
TYL,47.0,2026-10-28,,22.0,426.63635,26.91466861018561,True,50.8,50.0,91.16,100.0,96.24,0.0419,High,72.7,114,A
FCX,40.0,2026-10-22,4.21739,22.0,72.04545,0.4817991631799157,True,63.57,50.0,75.82,100.0,86.38,0.0468,High,72.34,115,A
MDT,66.0,2026-11-17,4.27586,25.0,104.76,15.539869857725822,False,72.97,50.0,80.93,60.0,100.0,0.0245,Med,72.27,116,A
FANG,52.0,2026-11-02,4.48387,29.0,233.44827,14.519632082413548,True,55.17,50.0,80.74,100.0,100.0,0.0275,Med,71.99,117,A
PSX,47.0,2026-10-29,3.85,19.0,240.05263,-8.271826518914786,True,92.48,50.0,27.54,100.0,100.0,0.0264,Med,71.75,118,A
SJM,73.0,2026-11-24,3.89474,16.0,141.4375,17.312238211752998,False,61.92,50.0,94.1,60.0,100.0,0.0277,Med,71.7,119,A
XOM,48.0,2026-10-30,3.68,22.0,170.90909,3.1872788746000102,True,61.45,50.0,70.71,100.0,100.0,0.0217,Med,71.68,120,A
NTAP,81.0,2026-12-01,3.7,16.0,195.125,-0.0333008863158961,False,63.64,50.0,93.23,60.0,92.24,0.0439,High,71.31,121,A
GEN,55.0,2026-11-05,3.8,9.0,33.0,8.803165182987147,True,59.91,50.0,71.27,100.0,100.0,0.0299,Med,71.29,122,A
PSKY,59.0,2026-11-09,2.5,14.0,9.69286,-7.730985245121381,True,62.98,50.0,67.75,100.0,97.38,0.0413,High,71.22,123,A
ZBRA,52.0,2026-11-03,4.11765,16.0,410.29938,17.004414406707152,True,60.06,50.0,70.33,100.0,100.0,0.0341,Med,71.1,124,A
CVS,46.0,2026-10-28,4.55556,25.0,116.04,22.780658131414665,True,73.86,50.0,50.38,100.0,100.0,0.0249,Med,70.95,125,A
MPC,52.0,2026-11-03,3.73684,18.0,351.66666,-12.791900805951649,True,92.5,50.0,24.07,100.0,100.0,0.0279,Med,70.9,126,A
A,75.0,2026-11-25,4.26087,21.0,174.95238,19.29927037163314,False,55.67,50.0,99.64,60.0,100.0,0.0305,Med,70.89,127,A
EQT,39.0,2026-10-20,4.53846,26.0,67.38462,23.82326350606394,True,50.01,50.0,83.05,100.0,100.0,0.0254,Med,70.77,128,A
OXY,59.0,2026-11-09,3.69231,25.0,67.12,9.942669942669957,True,60.67,50.0,67.57,100.0,100.0,0.0244,Med,70.63,129,A
CINF,45.0,2026-10-26,,6.0,191.66667,13.011008254716993,True,71.19,50.0,52.31,100.0,100.0,0.0184,Med,70.49,130,A
TGT,67.0,2026-11-18,3.47368,34.0,162.76471,3.764318500573756,False,69.23,50.0,78.65,60.0,100.0,0.0281,Med,70.39,131,A
NFLX,39.0,2026-10-20,,45.0,93.66,21.48647772229068,True,38.18,50.0,98.03,100.0,100.0,0.0291,Med,70.37,132,A
TRMB,53.0,2026-11-04,4.61538,11.0,80.18182,38.72287197231835,True,38.45,50.0,97.36,100.0,100.0,0.0321,Med,70.3,133,A
DIS,61.0,2026-11-12,4.5625,31.0,128.18323,20.17928933058317,False,65.34,50.0,83.54,60.0,100.0,0.0212,Med,70.25,134,A
APH,46.0,2026-10-28,4.52941,17.0,99.26471,18.56749880554228,True,64.64,50.0,59.84,100.0,100.0,0.0335,Med,70.08,135,A
WMB,52.0,2026-11-02,4.57143,20.0,85.4,16.443959640032727,True,65.16,50.0,58.69,100.0,100.0,0.0289,Med,69.98,136,B
HCA,41.0,2026-10-23,4.0,21.0,451.4762,5.303027475859494,True,47.6,50.0,83.28,100.0,100.0,0.0319,Med,69.98,137,B
JBHT,33.0,2026-10-14,3.91667,22.0,305.45456,13.263459220942956,True,67.85,50.0,54.69,100.0,100.0,0.0303,Med,69.92,138,B
BR,52.0,2026-11-03,3.66667,8.0,213.375,27.148943777373898,True,46.24,50.0,84.69,100.0,100.0,0.0298,Med,69.86,139,B
NVDA,67.0,2026-11-17,4.71667,57.0,327.6544,49.491011953645405,False,60.62,50.0,87.88,60.0,100.0,0.0324,Med,69.69,140,B
TSCO,40.0,2026-10-22,3.9,27.0,35.62963,7.334327458954657,True,40.57,50.0,90.74,100.0,100.0,0.0323,Med,69.38,141,B
PLTR,52.0,2026-11-02,4.1875,27.0,195.72963,17.154264679475663,True,61.57,50.0,66.65,100.0,86.48,0.0468,High,69.36,142,B
AMT,45.0,2026-10-27,4.48,23.0,215.69565,20.99380153699444,True,36.39,50.0,96.41,100.0,100.0,0.0241,Med,69.34,143,B
NOW,47.0,2026-10-28,4.57143,46.0,142.97087,7.549456501297618,True,68.4,50.0,59.08,100.0,80.34,0.0498,High,69.25,144,B
CI,54.0,2026-11-05,4.28,25.0,339.36,21.514592600629275,True,62.6,50.0,59.27,100.0,100.0,0.0233,Med,69.23,145,B
FFIV,45.0,2026-10-26,,10.0,436.1,5.190795503883458,True,64.02,50.0,57.22,100.0,100.0,0.0328,Med,69.21,146,B
JCI,53.0,2026-11-04,3.90476,19.0,163.36842,11.773686371100158,True,63.78,50.0,57.32,100.0,100.0,0.0239,Med,69.15,147,B
MO,47.0,2026-10-29,3.35714,11.0,70.0,1.2730016304953355,True,63.22,50.0,57.87,100.0,100.0,0.0216,Med,69.1,148,B
RMD,48.0,2026-10-29,3.57895,16.0,246.4375,13.231712920419048,True,37.57,50.0,93.75,100.0,100.0,0.0294,Med,69.09,149,B
EXE,46.0,2026-10-27,4.46429,27.0,125.2963,31.918614445146343,True,44.98,50.0,83.36,100.0,100.0,0.024,Med,69.08,150,B
STLD,38.0,2026-10-19,4.0,14.0,272.14285,13.204180532445925,True,64.43,50.0,55.82,100.0,100.0,0.0353,High,69.01,151,B
DVA,47.0,2026-10-28,3.71429,7.0,218.42857,19.552595714402997,True,78.39,50.0,36.06,100.0,100.0,0.0307,Med,68.95,152,B
LDOS,52.0,2026-11-03,3.64706,15.0,156.6,22.51124584392724,True,43.81,50.0,84.15,100.0,100.0,0.0315,Med,68.87,153,B
WRB,38.0,2026-10-19,,17.0,69.52941,-0.4874624302275739,True,62.91,50.0,57.27,100.0,100.0,0.0194,Med,68.84,154,B
GS,31.0,2026-10-13,,20.0,1141.65,10.671649387096307,True,63.45,50.0,56.11,100.0,100.0,0.0243,Med,68.73,155,B
ROK,54.0,2026-11-05,3.74074,24.0,478.625,10.913493847472951,True,69.32,50.0,47.55,100.0,100.0,0.0244,Med,68.65,156,B
TXN,46.0,2026-10-27,,31.0,324.7097,19.194515821158497,True,70.07,50.0,46.46,100.0,100.0,0.0318,Med,68.64,157,B
REG,47.0,2026-10-28,3.9,18.0,87.05556,16.59487042121475,True,69.16,50.0,52.08,100.0,88.51,0.0143,Low,68.58,158,B
NEM,41.0,2026-10-22,4.43478,21.0,132.86714,4.867513812154699,True,76.67,50.0,36.72,100.0,100.0,0.0353,High,68.51,159,B
KEY,38.0,2026-10-20,3.94737,19.0,26.02105,19.60951505401057,True,64.56,50.0,53.63,100.0,100.0,0.0185,Med,68.5,160,B
MRVL,81.0,2026-12-01,4.57778,42.0,284.64093,19.328790324271083,False,75.72,50.0,82.71,60.0,47.99,0.066,High,68.48,161,B
COP,54.0,2026-11-05,4.25926,25.0,145.44,6.518236414237591,True,67.54,50.0,49.09,100.0,100.0,0.0228,Med,68.41,162,B
UHS,45.0,2026-10-26,3.6,17.0,193.64706,10.491304347826098,True,45.03,50.0,80.53,100.0,100.0,0.0305,Med,68.39,163,B
UNH,45.0,2026-10-27,4.44444,26.0,475.23077,25.464857857942423,True,67.26,50.0,49.35,100.0,100.0,0.027,Med,68.38,164,B
NDSN,89.0,2026-12-09,3.875,7.0,349.7143,11.257054687748544,False,50.27,50.0,96.29,60.0,100.0,0.0215,Med,68.17,165,B
EBAY,54.0,2026-11-04,3.4375,27.0,116.14815,8.443256617338122,True,63.55,50.0,53.23,100.0,100.0,0.0332,Med,68.05,166,B
VLO,40.0,2026-10-22,3.65,19.0,339.4737,-14.10404463393342,True,85.78,50.0,21.13,100.0,100.0,0.0281,Med,67.81,167,B
CTSH,46.0,2026-10-28,3.7931,25.0,64.184,8.675922790382653,True,55.47,50.0,63.52,100.0,100.0,0.0368,High,67.8,168,B
CVNA,47.0,2026-10-28,4.0,20.0,82.975,17.56163219042221,True,38.43,50.0,94.35,100.0,81.66,0.0492,High,67.7,169,B
COIN,48.0,2026-10-29,4.0,29.0,199.76207,12.592757299064372,True,54.1,50.0,81.66,100.0,57.23,0.0614,High,67.57,170,B
SNDK,56.0,2026-11-06,4.45833,23.0,2125.087,30.175776045574978,True,77.6,50.0,56.29,100.0,37.93,0.071,High,67.53,171,B
IT,52.0,2026-11-03,3.2,13.0,185.15385,5.407674133955768,True,41.29,50.0,89.41,100.0,81.12,0.0494,High,67.41,172,B
EVRG,54.0,2026-11-05,4.07692,11.0,91.27273,11.62129142717378,True,59.92,50.0,55.14,100.0,100.0,0.0165,Med,67.26,173,B
ED,55.0,2026-11-05,2.66667,16.0,110.28125,3.143705574261128,True,59.04,50.0,56.06,100.0,100.0,0.0163,Med,67.18,174,B
HPE,83.0,2026-12-03,4.04348,20.0,67.4295,10.667159034958155,False,80.57,50.0,64.73,60.0,62.54,0.0587,High,67.14,175,B
CRWD,81.0,2026-12-01,4.28846,50.0,232.69,13.060589864438072,False,62.57,50.0,87.05,60.0,69.67,0.0552,High,67.13,176,B
ETR,47.0,2026-10-29,4.26087,20.0,123.025,16.50094696969698,True,59.68,50.0,53.29,100.0,100.0,0.0188,Med,66.71,177,B
NI,46.0,2026-10-28,4.4,14.0,49.85714,19.504170661553218,True,61.72,50.0,49.71,100.0,100.0,0.0181,Med,66.53,178,B
CAT,47.0,2026-10-29,3.85714,26.0,975.60614,18.59021721954125,True,62.1,50.0,47.38,100.0,100.0,0.0316,Med,66.08,179,B
NXPI,45.0,2026-10-26,,29.0,311.10345,31.059905213270145,True,64.09,50.0,43.36,100.0,100.0,0.0323,Med,65.77,180,B
PWR,47.0,2026-10-29,4.48387,29.0,768.69586,18.606685645072947,True,57.87,50.0,51.14,100.0,100.0,0.0381,High,65.54,181,B
APA,54.0,2026-11-04,3.44444,25.0,45.16,1.278313523211467,True,67.8,50.0,36.8,100.0,100.0,0.0334,Med,65.43,182,B
ACN,19.0,2026-10-01,3.92593,25.0,183.5884,1.3516616981340517,True,43.83,50.0,67.74,100.0,100.0,0.0377,High,64.78,183,B
LITE,55.0,2026-11-05,4.5,26.0,1148.4335,23.66299478830169,True,78.17,50.0,45.73,100.0,33.85,0.0731,High,64.68,184,B
PYPL,45.0,2026-10-27,3.11628,32.0,57.07344,5.76010377096265,True,53.9,50.0,52.34,100.0,100.0,0.0373,High,64.45,185,B
ULTA,83.0,2026-12-03,4.14286,25.0,627.64,16.266231961913924,False,51.14,50.0,80.09,60.0,100.0,0.0334,Med,64.42,186,B
KIM,47.0,2026-10-29,3.6087,21.0,26.91667,15.250139156497536,True,55.39,50.0,50.01,100.0,100.0,0.0159,Med,64.39,187,B
ORCL,90.0,2026-12-10,4.40909,41.0,241.41318,58.12227280170296,False,65.54,50.0,64.47,60.0,86.84,0.0466,High,64.24,188,B
MTB,34.0,2026-10-16,3.3,18.0,260.08334,8.433570282045416,True,50.45,50.0,56.31,100.0,100.0,0.0171,Med,64.23,189,B
IBM,40.0,2026-10-21,3.8,23.0,245.34695,2.215118943465397,True,49.95,50.0,56.72,100.0,100.0,0.0301,Med,64.16,190,B
VST,54.0,2026-11-05,4.65,19.0,217.42105,47.35914466772851,True,49.22,50.0,57.45,100.0,100.0,0.0361,High,64.09,191,B
FIX,41.0,2026-10-22,4.8,8.0,2197.0,30.976901683860987,True,60.0,50.0,48.06,100.0,85.31,0.0473,High,64.05,192,B
CPRT,69.0,2026-11-19,3.84615,10.0,40.8,35.25609149676777,False,40.4,50.0,93.43,60.0,100.0,0.0363,High,64.0,193,B
PRU,47.0,2026-10-28,,15.0,113.4,-4.367552433398822,True,47.05,50.0,59.7,100.0,100.0,0.0212,Med,63.89,194,B
HSIC,52.0,2026-11-03,3.70588,16.0,98.1875,11.97114836355343,True,47.33,50.0,59.18,100.0,100.0,0.02,Med,63.86,195,B
WDAY,81.0,2026-12-01,3.7381,38.0,208.68184,12.679179265658751,False,67.66,50.0,63.29,60.0,78.05,0.051,High,63.81,196,B
RJF,47.0,2026-10-28,3.53333,13.0,186.0,7.832338106556897,True,46.78,50.0,59.68,100.0,100.0,0.0214,Med,63.79,197,B
CFG,34.0,2026-10-16,4.38889,17.0,81.47059,16.30348322626696,True,49.66,50.0,55.45,100.0,100.0,0.0208,Med,63.74,198,B
AKAM,55.0,2026-11-05,3.92,23.0,153.31348,41.90436875231395,True,60.51,50.0,45.45,100.0,86.45,0.0468,High,63.69,199,B
CHRW,47.0,2026-10-28,4.28,25.0,199.4,30.857067856674117,True,57.38,50.0,44.15,100.0,100.0,0.0298,Med,63.62,200,B
VEEV,75.0,2026-11-25,4.0,27.0,297.2963,13.290259888727975,False,79.98,50.0,36.52,60.0,100.0,0.0395,High,63.62,201,B
GEV,46.0,2026-10-28,4.45946,33.0,1236.4318,29.71582641355037,True,59.66,50.0,43.7,100.0,92.6,0.0437,High,63.57,202,B
LUV,40.0,2026-10-21,3.48,23.0,50.13478,27.181075596144083,True,64.35,50.0,34.08,100.0,100.0,0.0309,Med,63.54,203,B
FTNT,54.0,2026-11-04,3.22727,36.0,163.125,4.923779507300444,True,47.24,50.0,59.76,100.0,95.12,0.0424,High,63.49,204,B
DASH,54.0,2026-11-04,4.3555600000000005,43.0,254.90698,25.123072769664997,True,48.76,50.0,56.55,100.0,96.04,0.042,High,63.31,205,B
PEG,51.0,2026-11-02,3.68182,18.0,85.47222,17.99036443953616,True,51.81,50.0,50.64,100.0,100.0,0.0159,Med,63.29,206,B
APTV,47.0,2026-10-29,4.42857,18.0,66.61111,44.86974771639844,True,63.03,50.0,34.46,100.0,100.0,0.0385,High,63.17,207,B
CNC,45.0,2026-10-27,3.66667,18.0,71.77778,9.760348650508464,True,44.87,50.0,59.62,100.0,100.0,0.0361,High,63.11,208,B
EG,47.0,2026-10-28,,15.0,408.46667,10.50391461962992,True,44.82,50.0,59.38,100.0,100.0,0.0203,Med,63.03,209,B
LRCX,40.0,2026-10-21,4.54286,31.0,373.12903,23.78937537841401,True,60.23,50.0,48.55,100.0,72.95,0.0535,High,63.01,210,B
FLEX,46.0,2026-10-28,4.72727,10.0,160.5,37.92214488270172,True,64.94,50.0,39.47,100.0,77.54,0.0512,High,62.85,211,B
F,41.0,2026-10-22,3.52381,19.0,15.85368,13.079029957204003,True,44.93,50.0,58.08,100.0,100.0,0.034,Med,62.75,212,B
BEN,55.0,2026-11-06,3.25,12.0,35.41667,4.659190307328605,True,44.02,50.0,59.33,100.0,100.0,0.0232,Med,62.74,213,B
L,51.0,2026-11-02,,,,,True,48.92,50.0,52.33,100.0,100.0,0.0159,Med,62.7,214,B
FITB,37.0,2026-10-19,4.2381,20.0,62.9,15.307057745187905,True,48.51,50.0,52.76,100.0,100.0,0.0179,Med,62.67,215,B
MS,32.0,2026-10-14,3.68,21.0,237.33333,10.7068429890848,True,45.1,50.0,57.53,100.0,100.0,0.0225,Med,62.67,216,B
WTW,47.0,2026-10-29,4.2381,19.0,379.94736,20.64501952814911,True,44.88,50.0,57.57,100.0,100.0,0.025,Med,62.6,217,B
AFL,54.0,2026-11-04,,15.0,118.53333,2.9381936604429013,True,50.56,50.0,49.49,100.0,100.0,0.0164,Med,62.57,218,B
NEE,45.0,2026-10-27,,18.0,98.38889,18.798466553972485,True,48.05,50.0,52.39,100.0,100.0,0.016,Med,62.41,219,B
USB,33.0,2026-10-15,4.1304300000000005,21.0,70.33333,11.871051375854949,True,43.9,50.0,57.68,100.0,100.0,0.0167,Med,62.29,220,B
SYY,52.0,2026-11-03,3.6,13.0,90.30769,6.898307291666654,True,43.32,50.0,58.41,100.0,100.0,0.0199,Med,62.27,221,B
HST,54.0,2026-11-04,4.09524,20.0,25.29033,12.777391304347828,True,49.37,50.0,49.62,100.0,100.0,0.0193,Med,62.19,222,B
SMCI,53.0,2026-11-03,3.15789,16.0,42.375,8.017374546900578,True,69.91,50.0,36.74,100.0,60.04,0.06,High,62.16,223,B
HIG,48.0,2026-10-29,3.69565,20.0,149.85,9.933240407893766,True,43.79,50.0,57.17,100.0,100.0,0.0182,Med,62.12,224,B
PAYX,11.0,2026-09-23,2.84211,15.0,118.6,2.9513888888888817,True,43.84,50.0,56.99,100.0,100.0,0.0262,Med,62.09,225,B
VTRS,54.0,2026-11-05,3.90909,9.0,18.66667,12.755481727574752,True,44.32,50.0,56.23,100.0,100.0,0.0272,Med,62.07,226,B
AMGN,53.0,2026-11-03,3.41176,29.0,388.0345,2.2461858712550367,True,46.65,50.0,52.6,100.0,100.0,0.0304,Med,61.98,227,B
PGR,32.0,2026-10-14,3.36,21.0,232.0,7.341561310770017,True,41.9,50.0,59.09,100.0,100.0,0.0207,Med,61.94,228,B
FE,40.0,2026-10-21,,12.0,53.16667,15.066919164592589,True,44.64,50.0,55.14,100.0,100.0,0.0167,Med,61.91,229,B
TFC,34.0,2026-10-16,3.33333,18.0,54.91667,8.713590022765521,True,43.51,50.0,56.54,100.0,100.0,0.0185,Med,61.86,230,B
TPL,54.0,2026-11-04,,2.0,442.0,19.9554916275409,True,48.74,50.0,50.3,100.0,97.19,0.0414,High,61.85,231,B
AEP,47.0,2026-10-29,4.0,20.0,144.0,16.222760290556895,True,45.82,50.0,53.01,100.0,100.0,0.0176,Med,61.79,232,B
CSX,41.0,2026-10-22,4.08,23.0,53.14088,8.705901605809563,True,43.73,50.0,55.81,100.0,100.0,0.0206,Med,61.76,233,B
RF,34.0,2026-10-16,3.09091,20.0,32.9925,9.86513486513486,True,43.8,50.0,55.71,100.0,100.0,0.018,Med,61.76,234,B
ETN,52.0,2026-11-03,4.4814799999999995,25.0,478.1708,13.125647637748704,True,42.68,50.0,57.19,100.0,100.0,0.0337,Med,61.73,235,B
PPL,53.0,2026-11-04,,14.0,40.92857,19.86694977302679,True,44.4,50.0,54.73,100.0,100.0,0.017,Med,61.72,236,B
WELL,45.0,2026-10-26,4.31818,22.0,261.5909,10.829513197474888,True,41.47,50.0,58.81,100.0,100.0,0.0207,Med,61.72,237,B
PNC,33.0,2026-10-15,4.18182,20.0,277.725,13.763440860215065,True,43.91,50.0,55.36,100.0,100.0,0.0175,Med,61.71,238,B
KLAC,47.0,2026-10-28,4.13793,26.0,233.76923,28.88368618370272,True,63.36,50.0,37.17,100.0,77.36,0.0513,High,61.7,239,B
EMR,54.0,2026-11-04,,27.0,171.81444,13.169832696614412,True,40.84,50.0,58.42,100.0,100.0,0.0254,Med,61.4,240,B
COHR,54.0,2026-11-04,4.3913,22.0,415.36197,35.51777161500815,True,64.94,50.0,54.3,100.0,24.49,0.0778,High,61.25,241,B
WAB,39.0,2026-10-21,,12.0,329.16666,15.814038420941506,True,41.1,50.0,57.38,100.0,100.0,0.0228,Med,61.23,242,B
D,48.0,2026-10-30,3.33333,11.0,71.81818,9.939808649062371,True,44.96,50.0,51.6,100.0,100.0,0.0171,Med,61.14,243,B
AME,47.0,2026-10-29,4.3,18.0,277.77777,14.762862277675634,True,43.04,50.0,54.25,100.0,100.0,0.0202,Med,61.13,244,B
SRE,53.0,2026-11-04,4.42105,17.0,101.82353,21.6674991038356,True,45.7,50.0,50.38,100.0,100.0,0.024,Med,61.09,245,B
XYZ,59.0,2026-11-09,4.44681,42.0,98.30952,23.395908120999128,True,40.72,50.0,56.52,100.0,100.0,0.036,High,60.88,246,B
DRI,12.0,2026-09-24,4.07143,25.0,231.16,10.539403213465947,True,39.54,50.0,58.1,100.0,100.0,0.0252,Med,60.87,247,B
WST,40.0,2026-10-22,4.58824,16.0,405.375,15.768505825908148,True,40.06,50.0,57.21,100.0,100.0,0.0222,Med,60.82,248,B
GL,40.0,2026-10-21,4.09091,11.0,193.90909,13.420343345129112,True,43.78,50.0,51.94,100.0,100.0,0.0211,Med,60.81,249,B
DELL,77.0,2026-11-27,4.17241,25.0,570.48,2.1843681990381345,False,77.78,50.0,45.51,60.0,56.79,0.0616,High,60.78,250,B
HPQ,74.0,2026-11-24,2.72222,17.0,29.66471,-14.854448909299666,False,83.2,50.0,24.44,60.0,90.51,0.0447,High,60.78,251,B
ROL,47.0,2026-10-28,3.47368,17.0,45.58824,31.245832733554053,True,53.54,50.0,37.52,100.0,100.0,0.026,Med,60.62,252,B
Q,65.0,2026-11-16,4.75,8.0,176.75,39.734366353071394,False,68.55,50.0,44.94,60.0,88.81,0.0456,High,60.61,253,B
CCI,40.0,2026-10-21,3.95455,20.0,95.07,25.562966387109544,True,41.68,50.0,53.96,100.0,100.0,0.0273,Med,60.58,254,B
FDX,31.0,2026-10-12,4.17857,26.0,355.10358,13.4552477714943,True,40.55,50.0,55.48,100.0,100.0,0.0245,Med,60.56,255,B
CB,46.0,2026-10-27,,23.0,366.13043,8.731158494936588,True,40.83,50.0,54.82,100.0,100.0,0.0172,Med,60.49,256,B
DAL,26.0,2026-10-08,4.68,24.0,104.22917,30.482185778668004,True,49.42,50.0,42.63,100.0,100.0,0.0283,Med,60.45,257,B
IEX,46.0,2026-10-28,4.2666699999999995,14.0,255.92857,14.055247560051706,True,41.42,50.0,53.78,100.0,100.0,0.0221,Med,60.44,258,B
PKG,40.0,2026-10-21,4.0,10.0,260.5,11.22971818958156,True,42.41,50.0,52.25,100.0,100.0,0.027,Med,60.41,259,B
EXC,52.0,2026-11-03,3.19048,17.0,48.88235,12.788071065989843,True,42.37,50.0,52.05,100.0,100.0,0.0182,Med,60.34,260,B
JBL,18.0,2026-09-30,4.6,9.0,429.55557,35.00819373291007,True,45.68,50.0,47.35,100.0,100.0,0.0393,High,60.32,261,B
VMRK,40.0,2026-10-21,3.95,18.0,73.91111,12.258672539489655,True,40.66,50.0,53.97,100.0,100.0,0.0198,Med,60.22,262,B
WDC,55.0,2026-11-05,4.46154,24.0,664.9167,47.864414694894144,True,63.19,50.0,45.22,100.0,42.91,0.0685,High,60.21,263,B
CARR,45.0,2026-10-27,,21.0,77.81524,34.453978401727866,True,52.1,50.0,37.74,100.0,100.0,0.0289,Med,60.17,264,B
OMC,39.0,2026-10-20,3.92308,12.0,102.08333,28.844288779502712,True,42.39,50.0,51.25,100.0,100.0,0.0326,Med,60.15,265,B
GD,46.0,2026-10-28,3.91667,21.0,422.30286,18.19941222570534,True,45.16,50.0,47.34,100.0,100.0,0.0197,Med,60.14,266,B
APD,54.0,2026-11-05,4.13636,19.0,343.6316,17.290417271098203,True,39.33,50.0,55.08,100.0,100.0,0.0207,Med,60.03,267,B
CNP,40.0,2026-10-22,,16.0,45.75,16.3677985501717,True,43.45,50.0,48.91,100.0,100.0,0.0201,Med,59.93,268,B
DLR,41.0,2026-10-22,4.54545,31.0,223.48387,18.50250278381674,True,36.59,50.0,58.5,100.0,100.0,0.0275,Med,59.93,269,B
CTAS,11.0,2026-09-23,3.8,16.0,216.3125,6.794618612688219,True,35.56,50.0,59.72,100.0,100.0,0.0187,Med,59.88,270,B
ON,51.0,2026-11-02,3.82759,25.0,107.08,42.55474938427744,True,59.55,50.0,30.53,100.0,88.9,0.0455,High,59.87,271,B
KMI,47.0,2026-10-28,3.86957,20.0,36.0,16.035455278001617,True,38.98,50.0,54.84,100.0,100.0,0.0251,Med,59.86,272,B
FSLR,48.0,2026-10-29,4.08333,31.0,274.81097,30.862366666666663,True,46.47,50.0,50.62,100.0,84.22,0.0479,High,59.84,273,B
BLK,32.0,2026-10-14,4.47059,16.0,1323.3125,21.75892273860678,True,39.28,50.0,54.25,100.0,100.0,0.0211,Med,59.81,274,B
UNP,40.0,2026-10-22,4.2,24.0,329.25,15.857627953621758,True,38.83,50.0,54.84,100.0,100.0,0.0203,Med,59.8,275,B
GRMN,46.0,2026-10-28,3.25,7.0,290.2857,3.379939101479729,True,36.33,50.0,58.08,100.0,100.0,0.024,Med,59.74,276,B
IBKR,39.0,2026-10-20,4.07143,13.0,105.73846,15.674937096597755,True,38.82,50.0,54.31,100.0,100.0,0.034,Med,59.66,277,B
MMM,38.0,2026-10-20,3.77778,17.0,185.57059,12.276494433688292,True,41.64,50.0,50.27,100.0,100.0,0.0208,Med,59.64,278,B
SPG,52.0,2026-11-02,3.55,18.0,235.88889,14.821305490654208,True,43.88,50.0,46.77,100.0,100.0,0.0173,Med,59.55,279,B
NDAQ,40.0,2026-10-22,4.23529,15.0,109.66667,20.20899923270853,True,36.82,50.0,56.37,100.0,100.0,0.0231,Med,59.48,280,B
WEC,47.0,2026-10-29,,17.0,121.61765,15.124621355547138,True,40.17,50.0,51.63,100.0,100.0,0.0168,Med,59.47,281,B
ALLE,40.0,2026-10-22,3.72727,11.0,174.63635,14.51563934426229,True,36.2,50.0,57.1,100.0,100.0,0.0251,Med,59.45,282,B
EW,48.0,2026-10-29,4.37931,26.0,100.96154,19.77878751927867,True,38.15,50.0,54.16,100.0,100.0,0.0238,Med,59.39,283,B
ALL,54.0,2026-11-04,3.4,22.0,274.77274,8.592949452634075,True,36.48,50.0,56.24,100.0,100.0,0.0227,Med,59.33,284,B
VTR,47.0,2026-10-28,4.3913,22.0,101.86364,12.46951529203932,True,37.23,50.0,54.73,100.0,100.0,0.0215,Med,59.21,285,B
KHC,46.0,2026-10-28,2.89474,17.0,25.14706,2.3694687563606696,True,37.48,50.0,54.28,100.0,100.0,0.027,Med,59.19,286,B
AJG,48.0,2026-10-29,4.27273,18.0,291.72223,20.49155735345202,True,39.47,50.0,51.45,100.0,100.0,0.0301,Med,59.18,287,B
PCAR,45.0,2026-10-27,3.66667,15.0,144.8,17.437145174371462,True,38.93,50.0,51.91,100.0,100.0,0.022,Med,59.1,288,B
RTX,38.0,2026-10-20,4.1304300000000005,22.0,234.81818,18.314193580893846,True,39.74,50.0,50.65,100.0,100.0,0.0207,Med,59.07,289,B
LH,45.0,2026-10-27,4.23529,15.0,342.73334,11.319526117918365,True,33.58,50.0,59.04,100.0,100.0,0.026,Med,59.01,290,B
AEE,54.0,2026-11-04,,15.0,120.4,14.242337982730817,True,38.03,50.0,52.74,100.0,100.0,0.0167,Med,59.0,291,B
SYF,32.0,2026-10-14,4.125,23.0,89.30435,17.714822381862525,True,34.95,50.0,56.86,100.0,100.0,0.0262,Med,58.95,292,B
DTE,47.0,2026-10-29,4.05882,14.0,156.85715,17.460798262692826,True,40.33,50.0,48.61,100.0,100.0,0.0167,Med,58.77,293,B
EQIX,47.0,2026-10-28,4.46875,29.0,1235.7587,18.375628634103823,True,34.38,50.0,56.87,100.0,100.0,0.0288,Med,58.75,294,B
MRSH,33.0,2026-10-15,,21.0,207.09525,17.128697471862445,True,38.25,50.0,51.37,100.0,100.0,0.0217,Med,58.73,295,B
AMZN,48.0,2026-10-29,4.69355,60.0,328.1707,27.90688700939316,True,33.59,50.0,57.6,100.0,100.0,0.0249,Med,58.66,296,B
NSC,40.0,2026-10-22,,18.0,365.27777,13.46672982837616,True,36.85,50.0,52.96,100.0,100.0,0.0193,Med,58.64,297,B
EXPE,55.0,2026-11-05,3.87179,36.0,339.80557,21.463243494423796,True,45.11,50.0,47.59,100.0,84.42,0.0478,High,58.63,298,B
PNW,52.0,2026-11-03,3.4375,13.0,105.84615,9.39039892517568,True,38.99,50.0,49.64,100.0,100.0,0.0165,Med,58.55,299,B
ZBH,54.0,2026-11-05,3.55556,21.0,107.57143,16.50755983970541,True,35.35,50.0,54.31,100.0,100.0,0.0321,Med,58.45,300,B
ATO,54.0,2026-11-04,3.35714,11.0,188.18182,14.399720356241822,True,36.75,50.0,52.05,100.0,100.0,0.0156,Med,58.38,301,B
BAX,47.0,2026-10-29,3.23077,11.0,28.72727,20.55086026017626,True,34.99,50.0,54.46,100.0,100.0,0.0346,Med,58.36,302,B
MCHP,55.0,2026-11-05,,25.0,108.64,44.93062966915689,True,43.63,50.0,42.37,100.0,100.0,0.0389,High,58.36,303,B
ITW,41.0,2026-10-23,2.8125,14.0,301.85715,12.258372227077489,True,38.42,50.0,49.38,100.0,100.0,0.0198,Med,58.29,304,B
FDS,18.0,2026-09-30,2.77778,16.0,265.5625,2.660623163754442,True,40.27,50.0,51.48,100.0,87.91,0.046,High,58.25,305,B
ESS,46.0,2026-10-27,3.42308,25.0,304.47,11.057613393883043,True,38.98,50.0,48.38,100.0,100.0,0.0184,Med,58.24,306,B
ACGL,45.0,2026-10-26,,19.0,111.86842,16.711966614501833,True,35.92,50.0,52.45,100.0,100.0,0.0197,Med,58.19,307,B
COF,39.0,2026-10-20,4.45833,22.0,258.27274,24.09202902032384,True,33.71,50.0,55.53,100.0,100.0,0.0237,Med,58.18,308,B
MGM,47.0,2026-10-28,3.59091,18.0,50.62778,24.96058250030853,True,42.17,50.0,43.22,100.0,100.0,0.0213,Med,58.06,309,B
CMS,47.0,2026-10-29,3.73333,12.0,79.16667,17.36219702023571,True,37.67,50.0,49.37,100.0,100.0,0.0164,Med,58.03,310,B
SNA,33.0,2026-10-15,3.45455,9.0,413.77777,9.8252919630534,True,38.96,50.0,47.58,100.0,100.0,0.0185,Med,58.03,311,B
ARE,45.0,2026-10-26,3.0625,14.0,53.0,5.044098701813501,True,32.44,50.0,56.29,100.0,100.0,0.0364,High,57.93,312,B
NRG,54.0,2026-11-05,4.4375,16.0,188.75,66.43886953838015,True,47.72,50.0,38.19,100.0,90.76,0.0446,High,57.83,313,B
LNT,55.0,2026-11-05,,12.0,78.04167,15.60872527960892,True,37.39,50.0,48.56,100.0,100.0,0.0176,Med,57.73,314,B
TEL,46.0,2026-10-28,4.21053,19.0,246.78947,16.06876474143262,True,29.31,50.0,59.31,100.0,100.0,0.0282,Med,57.59,315,B
GE,38.0,2026-10-20,4.54545,21.0,404.90475,24.236303944279936,True,41.04,50.0,42.85,100.0,100.0,0.0268,Med,57.58,316,B
TROW,48.0,2026-10-30,2.61538,12.0,109.33333,2.592971755653571,True,37.06,50.0,48.35,100.0,100.0,0.0203,Med,57.56,317,B
RDDT,48.0,2026-10-29,4.05882,33.0,213.10303,35.4566846700936,True,49.95,50.0,44.12,100.0,64.22,0.0579,High,57.44,318,B
CL,48.0,2026-10-30,3.95238,20.0,98.95,12.905066179826566,True,33.97,50.0,52.2,100.0,100.0,0.0187,Med,57.44,319,B
VLTO,40.0,2026-10-21,4.125,14.0,114.0,20.807502781751715,True,31.38,50.0,55.72,100.0,100.0,0.021,Med,57.41,320,B
BKR,41.0,2026-10-22,4.29167,23.0,72.08696,25.270588235294124,True,29.72,50.0,57.27,100.0,100.0,0.0315,Med,57.22,321,B
URI,40.0,2026-10-21,4.22727,21.0,1269.3334,27.87320807938347,True,39.62,50.0,43.22,100.0,100.0,0.0329,Med,57.17,322,B
LII,46.0,2026-10-28,3.64706,13.0,505.3846,36.36561344809907,True,55.1,50.0,21.49,100.0,100.0,0.0341,Med,57.16,323,B
GWW,53.0,2026-11-04,,14.0,1332.5714,2.9537370397268203,True,33.87,50.0,50.71,100.0,100.0,0.0216,Med,57.03,324,B
APP,54.0,2026-11-04,4.39394,31.0,508.3871,57.02591425747468,True,59.54,50.0,24.48,100.0,75.38,0.0523,High,57.0,325,B
HBAN,40.0,2026-10-22,4.2,19.0,20.3,20.545602460792995,True,32.77,50.0,51.74,100.0,100.0,0.0197,Med,56.91,326,B
DOC,41.0,2026-10-22,3.59091,19.0,23.05263,13.420073800738011,True,32.93,50.0,50.55,100.0,100.0,0.0199,Med,56.66,327,B
WMT,68.0,2026-11-19,4.46512,40.0,127.425,19.72658085126373,False,48.92,50.0,51.94,60.0,100.0,0.0217,Med,56.61,328,B
EME,47.0,2026-10-29,,7.0,1033.2858,32.58387492060641,True,30.78,50.0,52.92,100.0,100.0,0.0334,Med,56.5,329,B
MNST,55.0,2026-11-05,3.96,23.0,50.23913,15.878514588859431,True,37.41,50.0,43.07,100.0,100.0,0.0244,Med,56.36,330,B
BXP,46.0,2026-10-27,3.86364,20.0,76.7,18.227360308285167,True,35.09,50.0,46.07,100.0,100.0,0.0266,Med,56.3,331,B
FRT,48.0,2026-10-30,4.1052599999999995,19.0,133.15788,15.991184668989556,True,34.13,50.0,50.82,100.0,88.06,0.014,Low,55.96,332,B
TTD,55.0,2026-11-05,2.88889,30.0,13.56667,-4.862061711079941,True,51.78,50.0,31.26,100.0,75.19,0.0524,High,55.96,333,B
ADI,73.0,2026-11-24,4.61765,32.0,470.25,23.86408534176216,False,46.15,50.0,52.85,60.0,100.0,0.0291,Med,55.87,334,B
SBUX,47.0,2026-10-28,3.66667,31.0,112.22581,13.245015136226035,True,31.44,50.0,49.21,100.0,100.0,0.0253,Med,55.81,335,B
BALL,52.0,2026-11-03,4.33333,14.0,72.57143,19.952776859504144,True,30.06,50.0,50.75,100.0,100.0,0.0206,Med,55.71,336,B
SWK,52.0,2026-11-03,3.53333,11.0,100.27273,11.930267343863372,True,31.16,50.0,49.23,100.0,100.0,0.0321,Med,55.71,337,B
AMCR,54.0,2026-11-05,3.92857,12.0,50.17917,17.54314827828532,True,28.89,50.0,52.13,100.0,100.0,0.0241,Med,55.64,338,B
SBAC,52.0,2026-11-02,3.85714,20.0,226.4,22.147288912867555,True,24.07,50.0,58.66,100.0,100.0,0.0297,Med,55.59,339,B
TT,47.0,2026-10-29,4.0,21.0,526.99146,18.81218802840716,True,29.99,50.0,49.17,100.0,100.0,0.0227,Med,55.29,340,B
TXT,40.0,2026-10-22,3.8125,15.0,102.06667,26.49234105837155,True,35.33,50.0,41.7,100.0,100.0,0.0242,Med,55.29,341,B
TDY,39.0,2026-10-21,,12.0,757.25,24.516977719312678,True,32.76,50.0,45.3,100.0,100.0,0.0222,Med,55.29,342,B
AVY,39.0,2026-10-21,4.45455,10.0,201.8,18.629122332608308,True,22.45,50.0,59.05,100.0,100.0,0.0283,Med,55.12,343,B
KVUE,54.0,2026-11-05,3.21429,12.0,19.5,9.396914446002809,True,30.37,50.0,47.38,100.0,100.0,0.0211,Med,54.97,344,C
CRM,82.0,2026-12-02,4.25,54.0,273.37314,9.940737165952816,False,78.11,50.0,6.39,60.0,95.05,0.0425,High,54.94,345,C
PG,40.0,2026-10-22,3.8,23.0,160.6087,10.627290260366436,True,24.02,50.0,55.7,100.0,100.0,0.017,Med,54.83,346,C
SWKS,53.0,2026-11-03,3.0,17.0,68.35294,-24.166039829145173,True,65.3,50.0,0.0,100.0,94.24,0.0429,High,54.78,347,C
IRM,53.0,2026-11-04,4.27273,10.0,146.2,27.08623087621695,True,30.91,50.0,45.75,100.0,100.0,0.0341,Med,54.75,348,C
LYV,53.0,2026-11-03,,24.0,201.95833,18.02146446937821,True,29.18,50.0,48.06,100.0,100.0,0.0246,Med,54.73,349,C
AIG,54.0,2026-11-04,3.68182,20.0,88.5,17.90567545963229,True,25.6,50.0,52.69,100.0,100.0,0.0178,Med,54.63,350,C
CSCO,62.0,2026-11-12,4.17857,24.0,137.625,23.187432867884,False,45.51,50.0,48.81,60.0,100.0,0.0243,Med,54.63,351,C
HSY,54.0,2026-11-05,3.52174,21.0,205.5238,18.30750633202855,True,23.02,50.0,56.23,100.0,100.0,0.023,Med,54.61,352,C
ROST,69.0,2026-11-19,4.25,18.0,269.94443,17.990440806871085,False,43.07,50.0,51.91,60.0,100.0,0.0241,Med,54.55,353,C
LMT,38.0,2026-10-20,3.57143,19.0,637.8421,21.109642752034027,True,26.04,50.0,51.59,100.0,100.0,0.0258,Med,54.51,354,C
HII,47.0,2026-10-29,,12.0,368.41666,31.62438728117185,True,26.85,50.0,50.07,100.0,100.0,0.029,Med,54.41,355,C
AMAT,62.0,2026-11-12,4.53846,35.0,640.8857,39.08562561715333,False,59.68,50.0,34.51,60.0,82.54,0.0487,High,54.27,356,C
ABT,32.0,2026-10-14,4.46154,24.0,120.20833,17.65521190173241,True,21.21,50.0,56.9,100.0,100.0,0.0264,Med,54.15,357,C
TMUS,40.0,2026-10-22,4.2963000000000005,24.0,243.375,32.71382944902835,True,21.57,50.0,55.97,100.0,100.0,0.0267,Med,54.04,358,C
ARES,51.0,2026-11-02,4.0,18.0,147.77779,11.437893069904227,True,20.57,50.0,57.1,100.0,100.0,0.0353,High,53.98,359,C
BA,46.0,2026-10-28,4.46429,26.0,274.84616,30.1909715314291,True,27.58,50.0,47.13,100.0,100.0,0.0238,Med,53.94,360,C
HON,40.0,2026-10-22,4.04348,22.0,263.4091,29.576259930639264,True,33.91,50.0,38.23,100.0,100.0,0.0247,Med,53.93,361,C
CMI,54.0,2026-11-05,4.1304300000000005,20.0,757.0175,36.05142948646176,True,34.93,50.0,36.71,100.0,100.0,0.03,Med,53.9,362,C
INVH,47.0,2026-10-28,3.8,23.0,33.6087,21.484547261883247,True,28.77,50.0,45.29,100.0,100.0,0.0176,Med,53.89,363,C
DDOG,54.0,2026-11-05,4.52174,46.0,285.5063,28.92585233687064,True,43.36,50.0,39.24,100.0,63.3,0.0583,High,53.81,364,C
XYL,52.0,2026-11-03,4.14286,16.0,153.875,43.7278161778442,True,30.35,50.0,42.77,100.0,100.0,0.0263,Med,53.81,365,C
BRO,45.0,2026-10-26,3.21053,16.0,76.6875,15.754716981132075,True,25.48,50.0,49.2,100.0,100.0,0.0292,Med,53.72,366,C
SW,46.0,2026-10-28,4.7058800000000005,16.0,56.84375,31.918658621489893,True,30.07,50.0,42.6,100.0,100.0,0.0369,High,53.67,367,C
HUBB,45.0,2026-10-27,4.07692,11.0,565.7273,21.356436493124825,True,25.73,50.0,48.44,100.0,100.0,0.028,Med,53.62,368,C
SO,47.0,2026-10-29,3.34783,19.0,99.97368,13.619365837026942,True,24.6,50.0,49.94,100.0,100.0,0.0161,Med,53.6,369,C
XEL,47.0,2026-10-29,4.55556,17.0,91.76471,21.373864162423107,True,22.91,50.0,52.3,100.0,100.0,0.0184,Med,53.59,370,C
UBER,52.0,2026-11-03,4.43137,47.0,101.10851,41.16371378708551,True,19.96,50.0,56.25,100.0,100.0,0.0367,High,53.55,371,C
MLM,52.0,2026-11-03,4.125,24.0,659.1667,29.11419505220066,True,28.73,50.0,43.83,100.0,100.0,0.0266,Med,53.51,372,C
GIS,11.0,2026-09-23,2.95,18.0,37.72222,5.031936516775723,True,23.65,50.0,50.28,100.0,100.0,0.0347,Med,53.35,373,C
ISRG,39.0,2026-10-20,4.18182,30.0,478.00934,30.049336162803357,True,23.24,50.0,50.66,100.0,100.0,0.0334,Med,53.3,374,C
LVS,40.0,2026-10-21,4.19048,19.0,59.06842,37.1451590434177,True,26.37,50.0,46.19,100.0,100.0,0.028,Med,53.28,375,C
GOOG,47.0,2026-10-28,4.62903,15.0,422.336,24.918217042799267,True,22.72,50.0,51.3,100.0,100.0,0.0232,Med,53.28,376,C
GOOGL,47.0,2026-10-28,4.63492,54.0,428.06668,25.481233511168444,True,22.6,50.0,51.46,100.0,100.0,0.024,Med,53.28,377,C
SPGI,47.0,2026-10-29,4.66667,20.0,520.3,27.657486352205108,True,22.22,50.0,51.94,100.0,100.0,0.0294,Med,53.26,378,C
PEP,26.0,2026-10-08,3.33333,22.0,155.0,13.047917730289535,True,18.03,50.0,57.74,100.0,100.0,0.0164,Med,53.25,379,C
PANW,69.0,2026-11-19,4.34545,50.0,393.42,19.36105338207855,False,44.73,50.0,53.44,60.0,76.73,0.0516,High,53.19,380,C
UPS,45.0,2026-10-27,3.82759,26.0,116.07692,15.764356238156982,True,23.95,50.0,48.37,100.0,100.0,0.0202,Med,52.98,381,C
DOW,40.0,2026-10-22,3.52632,16.0,34.6875,18.286445012787727,True,15.82,50.0,58.93,100.0,100.0,0.0354,High,52.77,382,C
PH,54.0,2026-11-05,4.32,23.0,1160.9535,22.360836640159373,True,22.69,50.0,49.12,100.0,100.0,0.0246,Med,52.72,383,C
LLY,47.0,2026-10-29,4.3,29.0,1318.6614,17.46598490989587,True,22.42,50.0,49.52,100.0,100.0,0.0292,Med,52.72,384,C
MCD,54.0,2026-11-05,3.94118,31.0,315.3871,24.351739773287324,True,22.3,50.0,49.6,100.0,100.0,0.0174,Med,52.71,385,C
CRH,47.0,2026-10-29,4.72727,23.0,136.71088,53.65089069963474,True,30.31,50.0,38.36,100.0,100.0,0.0311,Med,52.7,386,C
ZTS,52.0,2026-11-03,3.77778,15.0,96.0,31.70530937028399,True,19.68,50.0,53.21,100.0,100.0,0.0313,Med,52.69,387,C
LHX,47.0,2026-10-29,4.16667,13.0,340.6154,37.87306213317142,True,30.38,50.0,37.98,100.0,100.0,0.0257,Med,52.63,388,C
DHR,38.0,2026-10-20,4.5,23.0,229.08696,13.849001093330685,True,15.82,50.0,58.3,100.0,100.0,0.0298,Med,52.61,389,C
DOV,40.0,2026-10-22,,18.0,246.88889,30.16760162387305,True,26.66,50.0,42.94,100.0,100.0,0.0221,Med,52.57,390,C
TTWO,58.0,2026-11-09,4.7931,29.0,286.4417,30.36966069681179,True,26.74,50.0,42.49,100.0,100.0,0.0375,High,52.48,391,C
ORLY,47.0,2026-10-28,4.46429,25.0,107.8,26.46644767714688,True,19.2,50.0,52.76,100.0,100.0,0.0229,Med,52.41,392,C
KKR,54.0,2026-11-05,4.40909,20.0,128.67,26.382477163343463,True,17.35,50.0,55.32,100.0,100.0,0.0353,High,52.4,393,C
DUK,54.0,2026-11-05,,18.0,137.27779,14.718413905486152,True,18.87,50.0,53.13,100.0,100.0,0.0158,Med,52.39,394,C
HLT,46.0,2026-10-28,4.03571,26.0,353.0,14.769688447439226,True,21.45,50.0,49.49,100.0,100.0,0.0226,Med,52.38,395,C
ECL,45.0,2026-10-27,4.45833,21.0,324.9524,17.574498878355893,True,17.43,50.0,55.1,100.0,100.0,0.0204,Med,52.37,396,C
WSM,67.0,2026-11-18,3.82609,20.0,247.85,9.055308663703956,False,35.89,50.0,52.92,60.0,100.0,0.0335,Med,52.29,397,C
HONA,54.0,2026-11-04,3.66667,13.0,213.0,35.858905742621985,True,45.17,50.0,23.83,100.0,79.69,0.0502,High,52.24,398,C
MKC,19.0,2026-10-01,3.86667,13.0,60.61538,17.768369924227713,True,18.13,50.0,53.36,100.0,100.0,0.0269,Med,52.19,399,C
FTV,46.0,2026-10-28,,13.0,64.30769,17.15738750227727,True,26.8,50.0,40.93,100.0,100.0,0.0227,Med,52.11,400,C
IR,48.0,2026-10-29,4.0,13.0,96.25,32.22061954804588,True,27.27,50.0,40.02,100.0,100.0,0.0287,Med,52.05,401,C
UAL,40.0,2026-10-21,4.64,23.0,159.19565,44.94072927573179,True,28.8,50.0,37.64,100.0,100.0,0.0348,Med,51.99,402,C
DLTR,81.0,2026-12-02,3.46429,25.0,136.4,15.814052218212693,False,39.44,50.0,46.6,60.0,99.87,0.0401,High,51.94,403,C
CHTR,48.0,2026-10-30,3.04762,17.0,184.41176,28.402562317226,True,24.62,50.0,56.27,100.0,67.39,0.0563,High,51.92,404,C
TSN,58.0,2026-11-09,3.38462,12.0,65.08333,23.31059113300493,True,22.95,50.0,44.78,100.0,100.0,0.0284,Med,51.73,405,C
CHD,48.0,2026-10-30,3.7619,19.0,105.36842,12.285187553282178,True,19.01,50.0,49.94,100.0,100.0,0.0221,Med,51.64,406,C
COST,13.0,2026-09-24,4.05128,35.0,1072.2,18.56772575888818,True,17.58,50.0,51.85,100.0,100.0,0.0178,Med,51.62,407,C
AZO,10.0,2026-09-22,4.5185200000000005,23.0,3913.5652,35.9717186316543,True,18.31,50.0,50.72,100.0,100.0,0.024,Med,51.59,408,C
VRT,39.0,2026-10-21,4.60714,26.0,338.15384,31.9007060108437,True,40.66,50.0,37.35,100.0,55.03,0.0625,High,51.57,409,C
MCO,39.0,2026-10-21,4.29167,21.0,561.9048,19.09178191066604,True,17.94,50.0,50.78,100.0,100.0,0.0249,Med,51.48,410,C
CPT,55.0,2026-11-05,3.41667,22.0,116.96591,12.999623224809188,True,21.74,50.0,45.5,100.0,100.0,0.0173,Med,51.48,411,C
RL,54.0,2026-11-05,4.47368,17.0,446.70587,31.4034034416826,True,25.86,50.0,39.49,100.0,100.0,0.0327,Med,51.42,412,C
LIN,48.0,2026-10-30,4.32143,25.0,544.4,16.52646674800402,True,21.25,50.0,45.77,100.0,100.0,0.018,Med,51.38,413,C
ALB,54.0,2026-11-04,4.04545,20.0,172.564,45.323171501957965,True,21.59,50.0,51.46,100.0,84.52,0.0477,High,51.37,414,C
PLD,33.0,2026-10-15,4.0,13.0,158.23077,16.23504738117976,True,18.53,50.0,49.37,100.0,100.0,0.0171,Med,51.33,415,C
DPZ,31.0,2026-10-13,3.83333,28.0,381.0,21.519471820878397,True,18.59,50.0,49.2,100.0,100.0,0.0352,High,51.31,416,C
DECK,41.0,2026-10-22,3.55556,22.0,120.40909,47.68685146571814,True,34.71,50.0,26.52,100.0,100.0,0.0338,Med,51.28,417,C
FERG,58.0,2026-11-09,4.17391,21.0,288.42856,28.851910920503027,True,18.8,50.0,48.74,100.0,100.0,0.028,Med,51.27,418,C
AVGO,89.0,2026-12-09,4.74,47.0,531.8468,45.5658861686259,False,35.97,50.0,48.31,60.0,100.0,0.0346,Med,51.17,419,C
WYNN,55.0,2026-11-05,4.80952,20.0,132.355,49.41860465116278,True,23.49,50.0,41.7,100.0,100.0,0.0292,Med,51.15,420,C
ERIE,48.0,2026-10-29,,,,,True,13.99,50.0,54.94,100.0,100.0,0.0362,High,51.13,421,C
TPR,54.0,2026-11-05,4.22727,20.0,167.4,42.52873563218391,True,33.44,50.0,27.39,100.0,100.0,0.0386,High,51.05,422,C
YUM,52.0,2026-11-03,3.84615,22.0,173.79091,22.28462566844919,True,17.23,50.0,49.61,100.0,100.0,0.0267,Med,50.93,423,C
NVR,39.0,2026-10-21,3.33333,5.0,6782.0,9.686257195027078,True,16.18,50.0,51.0,100.0,100.0,0.0252,Med,50.91,424,C
ES,54.0,2026-11-04,,12.0,73.58333,7.240880273992581,True,16.75,50.0,50.05,100.0,100.0,0.0191,Med,50.87,425,C
DD,54.0,2026-11-05,4.47059,16.0,170.0,34.20699455277493,True,19.96,50.0,45.39,100.0,100.0,0.0252,Med,50.83,426,C
MSCI,38.0,2026-10-20,4.5,17.0,692.05884,24.600993842497584,True,16.73,50.0,49.86,100.0,100.0,0.0243,Med,50.82,427,C
ODFL,46.0,2026-10-28,3.56,23.0,228.78261,27.278225312934637,True,30.5,50.0,30.16,100.0,100.0,0.0355,High,50.71,428,C
MAR,52.0,2026-11-03,3.78571,25.0,380.8,13.19184352892218,True,20.96,50.0,43.47,100.0,100.0,0.0229,Med,50.7,429,C
CBRE,40.0,2026-10-22,4.46154,12.0,182.91667,29.737335981275265,True,15.98,50.0,50.31,100.0,100.0,0.0335,Med,50.67,430,C
ALGN,47.0,2026-10-28,4.05882,15.0,208.6,38.99253731343282,True,24.61,50.0,37.19,100.0,100.0,0.0368,High,50.41,431,C
DG,82.0,2026-12-03,3.5,29.0,138.93103,11.734783657712716,False,25.7,50.0,59.59,60.0,100.0,0.0338,Med,50.39,432,C
AXP,41.0,2026-10-23,3.7,25.0,375.9556,15.571289316170612,True,16.48,50.0,48.43,100.0,100.0,0.0182,Med,50.38,433,C
FISV,46.0,2026-10-28,3.30556,27.0,60.44444,17.584748565314655,True,17.07,50.0,47.53,100.0,100.0,0.038,High,50.36,434,C
MRNA,54.0,2026-11-05,3.26087,18.0,119.55556,-19.257405281285877,True,79.48,50.0,0.0,100.0,0.0,0.0914,High,50.32,435,C
CCL,16.0,2026-09-28,4.36667,26.0,35.29615,54.43513454386347,True,29.1,50.0,30.31,100.0,100.0,0.0338,Med,50.26,436,C
TDG,54.0,2026-11-05,4.04545,19.0,1522.7894,32.875177787666985,True,19.71,50.0,43.19,100.0,100.0,0.024,Med,50.2,437,C
NOC,38.0,2026-10-20,3.95652,21.0,648.0476,24.34356981819927,True,13.62,50.0,51.27,100.0,100.0,0.0236,Med,50.08,438,C
CSGP,46.0,2026-10-27,3.90476,20.0,37.3,23.550844650546523,True,14.43,50.0,54.5,100.0,88.76,0.0456,High,50.05,439,C
NKE,20.0,2026-10-01,3.31707,36.0,49.35,33.288318703578675,True,22.16,50.0,39.05,100.0,100.0,0.0284,Med,50.02,440,C
PSA,47.0,2026-10-28,3.45455,18.0,336.33334,13.131179468204982,True,17.94,50.0,44.75,100.0,100.0,0.0215,Med,49.97,441,C
VRSK,46.0,2026-10-28,3.94737,17.0,234.76471,33.883495865412044,True,17.86,50.0,44.79,100.0,100.0,0.0377,High,49.95,442,C
CLX,53.0,2026-11-03,2.78947,17.0,100.76471,15.139930297663252,True,21.32,50.0,39.71,100.0,100.0,0.0303,Med,49.89,443,C
FIS,53.0,2026-11-04,3.75,23.0,50.34783,31.817855740280145,True,18.24,50.0,43.85,100.0,100.0,0.036,High,49.84,444,C
TAP,52.0,2026-11-03,3.2381,21.0,45.47619,17.206675257731973,True,13.98,50.0,49.45,100.0,100.0,0.0307,Med,49.75,445,C
SHW,45.0,2026-10-27,4.03846,22.0,391.0,20.636193943507703,True,16.33,50.0,46.15,100.0,100.0,0.0239,Med,49.75,446,C
UDR,47.0,2026-10-28,3.63636,21.0,41.92857,19.030716820440023,True,17.99,50.0,43.47,100.0,100.0,0.0184,Med,49.66,447,C
BKNG,46.0,2026-10-27,4.48718,37.0,238.67567,36.47968321134493,True,20.88,50.0,39.75,100.0,99.11,0.0404,High,49.65,448,C
WM,45.0,2026-10-26,4.25,25.0,259.92,21.449431114641516,True,14.22,50.0,48.5,100.0,100.0,0.0178,Med,49.6,449,C
KR,,,3.91667,22.0,69.77273,19.06609215017064,False,28.73,50.0,58.14,50.0,100.0,0.0236,Med,49.59,450,C
STZ,25.0,2026-10-06,3.95833,23.0,170.8261,38.77582355091596,True,14.24,50.0,48.26,100.0,100.0,0.0282,Med,49.55,451,C
WY,48.0,2026-10-29,4.33333,11.0,31.0,39.73405454135678,True,16.73,50.0,44.77,100.0,100.0,0.0242,Med,49.55,452,C
BX,40.0,2026-10-22,3.91304,21.0,144.38095,11.89285852675632,True,13.7,50.0,48.81,100.0,100.0,0.0338,Med,49.5,453,C
GEHC,46.0,2026-10-28,4.26316,18.0,82.5,29.98266897746967,True,13.99,50.0,48.09,100.0,100.0,0.0273,Med,49.42,454,C
EXR,47.0,2026-10-28,3.7619,20.0,158.5,14.3991338866835,True,14.51,50.0,47.15,100.0,100.0,0.0197,Med,49.37,455,C
EFX,38.0,2026-10-20,4.33333,21.0,214.95238,28.253210023866355,True,15.83,50.0,48.4,100.0,92.16,0.0439,High,49.36,456,C
GNRC,46.0,2026-10-28,4.2381,16.0,283.875,50.92508905311287,True,28.25,50.0,32.52,100.0,88.24,0.0459,High,49.34,457,C
RCL,45.0,2026-10-27,4.25,26.0,346.92307,32.4133854961832,True,21.98,50.0,36.3,100.0,100.0,0.0305,Med,49.27,458,C
AOS,45.0,2026-10-27,3.46154,11.0,69.90909,20.949982698961957,True,14.73,50.0,46.19,100.0,100.0,0.0274,Med,49.2,459,C
AON,48.0,2026-10-30,3.75,18.0,382.66666,25.062597208119087,True,22.12,50.0,35.07,100.0,100.0,0.0312,Med,49.01,460,C
MTD,55.0,2026-11-05,3.4,14.0,1452.5,11.709716245784458,True,12.73,50.0,47.97,100.0,100.0,0.027,Med,48.95,461,C
ADBE,89.0,2026-12-09,3.275,34.0,279.81177,10.774864902313992,False,24.26,50.0,57.65,60.0,94.63,0.0427,High,48.87,462,C
SNPS,89.0,2026-12-09,4.52,26.0,545.93384,36.87869723827552,False,25.31,50.0,54.07,60.0,99.27,0.0404,High,48.8,463,C
OTIS,46.0,2026-10-28,3.85714,12.0,88.25,27.060686775610108,True,11.63,50.0,48.93,100.0,100.0,0.02,Med,48.8,464,C
CDNS,45.0,2026-10-26,4.6,27.0,403.12036,39.05497067954468,True,25.94,50.0,29.51,100.0,97.73,0.0411,High,48.73,465,C
IP,46.0,2026-10-28,4.25,11.0,48.0,39.04982618771725,True,19.93,50.0,35.76,100.0,100.0,0.0392,High,48.41,466,C
DHI,47.0,2026-10-29,3.38889,12.0,162.91667,17.92310810321741,True,13.78,50.0,43.84,100.0,100.0,0.029,Med,48.28,467,C
BSX,46.0,2026-10-28,4.41935,29.0,62.41379,44.878806870937794,True,15.47,50.0,43.64,100.0,93.2,0.0434,High,48.15,468,C
MAA,47.0,2026-10-28,3.46154,25.0,143.16,13.619047619047617,True,10.17,50.0,47.65,100.0,100.0,0.0179,Med,47.97,469,C
VMC,47.0,2026-10-29,4.125,23.0,323.52173,27.390821389195143,True,15.78,50.0,39.59,100.0,100.0,0.0286,Med,47.92,470,C
PPG,46.0,2026-10-27,3.875,21.0,126.28571,19.036393628051645,True,12.8,50.0,43.45,100.0,100.0,0.0271,Med,47.84,471,C
IDXX,51.0,2026-11-02,3.78571,13.0,698.9231,38.5542581872968,True,13.86,50.0,41.97,100.0,100.0,0.0314,Med,47.84,472,C
MPWR,48.0,2026-10-29,4.7058800000000005,15.0,1839.8,49.213300892133006,True,17.07,50.0,39.64,100.0,93.18,0.0434,High,47.7,473,C
KMB,52.0,2026-11-03,3.5625,15.0,118.06667,19.58540463891421,True,12.76,50.0,42.46,100.0,100.0,0.025,Med,47.58,474,C
BF-B,82.0,2026-12-03,2.83333,17.0,28.25882,6.556636500754149,False,19.29,50.0,57.26,60.0,100.0,0.0305,Med,47.57,475,C
PNR,38.0,2026-10-20,3.625,13.0,76.30769,33.75581069237511,True,19.79,50.0,32.37,100.0,100.0,0.0322,Med,47.52,476,C
VICI,48.0,2026-10-29,4.16,24.0,32.33333,29.878811006226137,True,8.32,50.0,48.29,100.0,100.0,0.0178,Med,47.48,477,C
PHM,40.0,2026-10-22,4.0,15.0,142.26666,20.19318210619694,True,12.48,50.0,42.4,100.0,100.0,0.0298,Med,47.47,478,C
PTC,61.0,2026-11-11,4.1,20.0,173.35,33.83000077202192,False,27.19,50.0,47.28,60.0,95.94,0.042,High,47.43,479,C
STE,54.0,2026-11-04,,8.0,263.125,24.748133222709487,True,7.56,50.0,49.0,100.0,100.0,0.0259,Med,47.39,480,C
HWM,54.0,2026-11-05,4.54545,20.0,337.128,45.50954106796253,True,25.82,50.0,26.97,100.0,90.25,0.0449,High,47.3,481,C
O,52.0,2026-11-02,3.5,20.0,68.1625,14.089045108377263,True,9.21,50.0,49.85,100.0,88.79,0.0144,Low,47.06,482,C
FDXF,47.0,2026-10-28,4.0,14.0,164.0,28.900416568419395,True,19.91,50.0,34.86,100.0,88.73,0.0456,High,47.06,483,C
MAS,47.0,2026-10-29,3.57143,18.0,80.61111,17.534606692425463,True,12.13,50.0,39.98,100.0,100.0,0.0294,Med,46.74,484,C
PCG,40.0,2026-10-22,3.94118,16.0,19.65625,41.514697730005246,True,33.33,50.0,25.81,100.0,56.61,0.0617,High,46.28,485,C
NCLH,53.0,2026-11-04,3.7037,25.0,20.52,37.34939759036145,True,25.93,50.0,18.64,100.0,95.59,0.0422,High,45.8,486,C
PODD,54.0,2026-11-05,4.04,22.0,171.90909,29.81619029639417,True,13.01,50.0,35.76,100.0,91.12,0.0444,High,45.11,487,C
HRL,82.0,2026-12-03,3.4,8.0,26.125,27.1598929179849,False,29.67,50.0,32.91,60.0,100.0,0.0252,Med,45.11,488,C
INTU,69.0,2026-11-19,3.94118,31.0,405.6,27.03980956557148,False,14.18,50.0,56.36,60.0,85.6,0.0472,High,44.11,489,C
TJX,67.0,2026-11-18,4.40909,20.0,169.8,34.43648311626618,False,28.35,50.0,30.58,60.0,100.0,0.0225,Med,44.07,490,C
SYK,48.0,2026-10-29,4.32143,25.0,376.28,38.33060676800911,True,14.44,50.0,25.76,100.0,100.0,0.0398,High,44.0,491,C
ADSK,77.0,2026-11-27,4.52778,34.0,315.36765,47.64748706664484,False,24.31,50.0,42.77,60.0,82.82,0.0486,High,43.98,492,C
EIX,46.0,2026-10-27,2.94118,14.0,68.21429,20.60518033946252,True,30.39,50.0,18.84,100.0,58.72,0.0606,High,43.72,493,C
AXON,53.0,2026-11-03,4.33333,19.0,706.2105,45.52789655350061,True,19.29,50.0,29.33,100.0,57.85,0.0611,High,42.37,494,C
LOW,67.0,2026-11-18,4.2,33.0,252.30302,27.22015933844293,False,11.79,50.0,45.78,60.0,100.0,0.0244,Med,42.07,495,C
HD,66.0,2026-11-17,4.05556,32.0,377.1875,21.76962438055883,False,13.03,50.0,42.81,60.0,100.0,0.023,Med,41.76,496,C
LEN,5.0,2026-09-16,2.57895,13.0,86.23077,7.432592038871247,False,13.02,50.0,43.43,55.0,100.0,0.0322,Med,41.16,497,C
BLDR,47.0,2026-10-29,,21.0,80.71429,33.21388017824724,True,13.23,50.0,25.13,100.0,76.26,0.0519,High,41.04,498,C
FICO,54.0,2026-11-04,4.0,19.0,1445.4194,47.245364899555845,True,17.8,50.0,26.49,100.0,56.43,0.0618,High,41.0,499,C
LULU,90.0,2026-12-10,2.8,27.0,106.39259,7.9798944483913505,False,18.15,50.0,24.93,60.0,64.35,0.0578,High,35.52,500,D
CIEN,89.0,2026-12-10,4.15,19.0,504.12775,43.28731205411705,False,22.34,50.0,28.95,60.0,30.77,0.0746,High,34.63,501,D
COO,90.0,2026-12-10,3.5,14.0,66.21429,23.166462053571443,False,19.63,50.0,10.33,60.0,82.79,0.0486,High,34.23,502,D
CASY,88.0,2026-12-08,4.35,17.0,936.7647,51.83556470435683,False,18.73,50.0,13.23,60.0,71.41,0.0543,High,33.51,503,D
